comment_text,final_label
It is obvious you are a joke and you embarrass yourself,1
People say you are a disappointment and people regret trusting you,1
Everyone knows you are pathetic and you ruin everything,1
People say you are incompetent and you always fail,1
It is obvious you are worthless and you always fail,1
Everyone knows you are worthless and you always fail,1
Nobody thinks you are pathetic and you always fail,1
It is obvious you are worthless and nothing you do works,1
You are a complete failure and everyone avoids you,1
People say you are a waste of space,1
It is obvious you are a joke and you embarrass yourself,1
You are a complete failure,1
Nobody thinks you are useless and you ruin everything,1
It is obvious you are a joke and you embarrass yourself,1
You are useless,1
Everyone knows you are incompetent and nobody respects you,1
Everyone knows you are a joke and people regret trusting you,1
People say you are worthless and everyone avoids you,1
It is obvious you are useless,1
Nobody thinks you are worthless,1
People say you are useless and nothing you do works,1
Everyone knows you are a burden,1
People say you are a joke and people regret trusting you,1
Nobody thinks you are incompetent and nothing you do works,1
You are a burden and people regret trusting you,1
It is obvious you are a burden and you always fail,1
Everyone knows you are a burden,1
People say you are pathetic,1
People say you are a burden and you ruin everything,1
It is obvious you are a joke and you embarrass yourself,1
People say you are a waste of space,1
It is obvious you are incompetent and you embarrass yourself,1
People say you are useless and you always fail,1
You are pathetic and nothing you do works,1
People say you are pathetic and everyone avoids you,1
Everyone knows you are pathetic and nothing you do works,1
Everyone knows you are incompetent and people regret trusting you,1
It is obvious you are incompetent and you embarrass yourself,1
People say you are good for nothing,1
Nobody thinks you are a disappointment and nothing you do works,1
Nobody thinks you are good for nothing and nobody respects you,1
Everyone knows you are a waste of space and nobody respects you,1
Nobody thinks you are a joke and nobody respects you,1
Nobody thinks you are a joke and nothing you do works,1
It is obvious you are a complete failure,1
Everyone knows you are pathetic and you ruin everything,1
Everyone knows you are incompetent and nothing you do works,1
It is obvious you are a complete failure and you ruin everything,1
Everyone knows you are worthless and you always fail,1
You are incompetent and nobody respects you,1
Everyone knows you are pathetic and nobody respects you,1
It is obvious you are a disappointment and nobody respects you,1
It is obvious you are a joke and you always fail,1
Nobody thinks you are a complete failure and you always fail,1
You are a disappointment and nothing you do works,1
People say you are pathetic and you embarrass yourself,1
People say you are a disappointment and you always fail,1
Nobody thinks you are a burden and everyone avoids you,1
You are a complete failure and you always fail,1
It is obvious you are pathetic and you always fail,1
You are a burden and you always fail,1
You are a burden and people regret trusting you,1
Nobody thinks you are pathetic and everyone avoids you,1
It is obvious you are a burden and nobody respects you,1
You are good for nothing,1
Nobody thinks you are incompetent,1
You are a burden and nobody respects you,1
People say you are pathetic and nothing you do works,1
It is obvious you are a disappointment and people regret trusting you,1
Everyone knows you are incompetent,1
It is obvious you are incompetent and you always fail,1
Nobody thinks you are pathetic and you ruin everything,1
You are a disappointment and nobody respects you,1
Nobody thinks you are a disappointment and nobody respects you,1
People say you are useless,1
It is obvious you are a waste of space and nobody respects you,1
Nobody thinks you are incompetent,1
It is obvious you are a burden and you embarrass yourself,1
You are a burden,1
Everyone knows you are a waste of space and people regret trusting you,1
You are a burden and you always fail,1
Everyone knows you are a joke and you embarrass yourself,1
It is obvious you are a joke and people regret trusting you,1
Everyone knows you are a complete failure and nothing you do works,1
Everyone knows you are a joke and you ruin everything,1
You are pathetic,1
You are a joke and nothing you do works,1
Nobody thinks you are useless and you always fail,1
It is obvious you are a joke,1
People say you are a disappointment and everyone avoids you,1
Nobody thinks you are a complete failure and nobody respects you,1
You are pathetic and you ruin everything,1
People say you are a disappointment and you ruin everything,1
Everyone knows you are a joke and you embarrass yourself,1
It is obvious you are incompetent,1
Nobody thinks you are a waste of space and you always fail,1
You are a joke,1
People say you are a waste of space and nothing you do works,1
Everyone knows you are good for nothing and everyone avoids you,1
People say you are useless and you always fail,1
It is obvious you are a complete failure,1
It is obvious you are useless and nobody respects you,1
Everyone knows you are pathetic and people regret trusting you,1
It is obvious you are useless and everyone avoids you,1
It is obvious you are incompetent and you always fail,1
You are useless,1
Everyone knows you are pathetic and everyone avoids you,1
Nobody thinks you are a joke and you embarrass yourself,1
You are a joke and nothing you do works,1
Nobody thinks you are a joke and you always fail,1
Nobody thinks you are a complete failure and you always fail,1
You are a burden and everyone avoids you,1
Nobody thinks you are a waste of space and nobody respects you,1
Nobody thinks you are useless and everyone avoids you,1
It is obvious you are worthless and you embarrass yourself,1
Everyone knows you are worthless and you always fail,1
You are a waste of space and people regret trusting you,1
You are useless and you embarrass yourself,1
Nobody thinks you are incompetent and people regret trusting you,1
Nobody thinks you are worthless and nobody respects you,1
People say you are pathetic,1
You are a disappointment,1
You are a burden and people regret trusting you,1
It is obvious you are pathetic and you ruin everything,1
You are useless and nobody respects you,1
People say you are good for nothing and nothing you do works,1
You are a complete failure and you always fail,1
Everyone knows you are a joke and you always fail,1
People say you are a complete failure and nothing you do works,1
Nobody thinks you are pathetic and nothing you do works,1
Everyone knows you are useless and nobody respects you,1
It is obvious you are a complete failure and nobody respects you,1
Nobody thinks you are good for nothing and you ruin everything,1
Everyone knows you are pathetic and everyone avoids you,1
Everyone knows you are useless and you ruin everything,1
People say you are worthless and everyone avoids you,1
People say you are useless and you embarrass yourself,1
You are a joke and nobody respects you,1
You are a joke and you embarrass yourself,1
Everyone knows you are a disappointment and nobody respects you,1
People say you are pathetic and people regret trusting you,1
Nobody thinks you are a burden and you ruin everything,1
You are good for nothing and nobody respects you,1
You are good for nothing and you always fail,1
People say you are a joke and nothing you do works,1
It is obvious you are useless,1
Nobody thinks you are a complete failure and everyone avoids you,1
Everyone knows you are pathetic,1
Nobody thinks you are pathetic and everyone avoids you,1
You are a disappointment and people regret trusting you,1
Nobody thinks you are a waste of space and you ruin everything,1
You are a burden and people regret trusting you,1
People say you are a disappointment and you ruin everything,1
It is obvious you are incompetent and nobody respects you,1
Nobody thinks you are useless and nothing you do works,1
Everyone knows you are useless and nothing you do works,1
Nobody thinks you are a complete failure and nothing you do works,1
You are a complete failure,1
It is obvious you are useless and nobody respects you,1
Nobody thinks you are pathetic and you always fail,1
Everyone knows you are a complete failure and people regret trusting you,1
It is obvious you are a complete failure and you ruin everything,1
People say you are good for nothing and people regret trusting you,1
You are useless and you always fail,1
Everyone knows you are a complete failure and nobody respects you,1
Everyone knows you are a disappointment and people regret trusting you,1
Everyone knows you are a complete failure and nothing you do works,1
It is obvious you are a burden and you ruin everything,1
You are a complete failure and people regret trusting you,1
People say you are useless,1
It is obvious you are good for nothing and you ruin everything,1
People say you are incompetent and people regret trusting you,1
It is obvious you are worthless and people regret trusting you,1
It is obvious you are worthless and nobody respects you,1
You are pathetic and you always fail,1
You are useless and nobody respects you,1
It is obvious you are worthless and nobody respects you,1
Everyone knows you are a joke and nothing you do works,1
You are incompetent and you embarrass yourself,1
It is obvious you are worthless,1
Nobody thinks you are useless and everyone avoids you,1
People say you are incompetent and everyone avoids you,1
People say you are good for nothing,1
It is obvious you are a waste of space,1
Nobody thinks you are worthless and you embarrass yourself,1
Nobody thinks you are pathetic and people regret trusting you,1
People say you are a disappointment and nobody respects you,1
You are a waste of space and people regret trusting you,1
You are a burden and you always fail,1
You are good for nothing and nothing you do works,1
People say you are a waste of space and nobody respects you,1
People say you are good for nothing and everyone avoids you,1
People say you are good for nothing and you ruin everything,1
People say you are worthless and people regret trusting you,1
People say you are a complete failure and nobody respects you,1
Everyone knows you are worthless and people regret trusting you,1
You are a complete failure and nobody respects you,1
Nobody thinks you are worthless and everyone avoids you,1
People say you are pathetic,1
It is obvious you are worthless and you ruin everything,1
People say you are incompetent and people regret trusting you,1
Everyone knows you are a waste of space and you embarrass yourself,1
Everyone knows you are a waste of space and people regret trusting you,1
Nobody thinks you are a waste of space and people regret trusting you,1
You are a waste of space,1
Everyone knows you are pathetic and you embarrass yourself,1
You are pathetic and everyone avoids you,1
Everyone knows you are a waste of space and nothing you do works,1
You are incompetent and nobody respects you,1
Everyone knows you are a burden and you embarrass yourself,1
You are incompetent and you always fail,1
Nobody thinks you are incompetent and you always fail,1
You are a burden and you ruin everything,1
You are useless,1
People say you are incompetent and people regret trusting you,1
People say you are incompetent,1
It is obvious you are a complete failure and you always fail,1
Nobody thinks you are worthless,1
People say you are a burden and everyone avoids you,1
Nobody thinks you are a joke and nobody respects you,1
Nobody thinks you are a waste of space,1
Nobody thinks you are worthless and nobody respects you,1
You are a burden and everyone avoids you,1
You are a complete failure and you embarrass yourself,1
It is obvious you are incompetent and nobody respects you,1
You are worthless and you embarrass yourself,1
Nobody thinks you are a disappointment and you ruin everything,1
People say you are good for nothing and nobody respects you,1
Everyone knows you are a joke and you always fail,1
It is obvious you are a complete failure and nobody respects you,1
It is obvious you are a waste of space and people regret trusting you,1
People say you are a joke and you always fail,1
You are a disappointment and you embarrass yourself,1
You are a joke and you always fail,1
You are a burden and nothing you do works,1
Everyone knows you are useless and everyone avoids you,1
You are useless and you always fail,1
People say you are useless and people regret trusting you,1
You are good for nothing and you ruin everything,1
People say you are a complete failure and nothing you do works,1
You are worthless and nothing you do works,1
It is obvious you are a burden and nobody respects you,1
You are good for nothing and you always fail,1
People say you are good for nothing,1
People say you are useless and you embarrass yourself,1
Everyone knows you are useless and people regret trusting you,1
People say you are good for nothing and you embarrass yourself,1
You are a joke and nobody respects you,1
You are a burden,1
You are useless and everyone avoids you,1
You are pathetic and nothing you do works,1
It is obvious you are worthless and you embarrass yourself,1
People say you are good for nothing and you ruin everything,1
Nobody thinks you are good for nothing and you ruin everything,1
Everyone knows you are useless and you always fail,1
Nobody thinks you are incompetent and everyone avoids you,1
It is obvious you are a disappointment and everyone avoids you,1
People say you are worthless and you always fail,1
Everyone knows you are pathetic and you embarrass yourself,1
Everyone knows you are a disappointment and you embarrass yourself,1
It is obvious you are useless and nothing you do works,1
Everyone knows you are a waste of space and nothing you do works,1
You are useless and everyone avoids you,1
People say you are a waste of space and you always fail,1
It is obvious you are worthless and people regret trusting you,1
Everyone knows you are good for nothing and nothing you do works,1
It is obvious you are pathetic and nothing you do works,1
It is obvious you are a waste of space and nobody respects you,1
Nobody thinks you are a disappointment and people regret trusting you,1
Nobody thinks you are pathetic and everyone avoids you,1
People say you are a burden and nothing you do works,1
Everyone knows you are pathetic and people regret trusting you,1
Everyone knows you are a joke and nothing you do works,1
Everyone knows you are a complete failure and everyone avoids you,1
It is obvious you are worthless and nobody respects you,1
People say you are good for nothing and nothing you do works,1
It is obvious you are incompetent and you always fail,1
People say you are a complete failure and you ruin everything,1
It is obvious you are a joke and everyone avoids you,1
People say you are a waste of space and everyone avoids you,1
People say you are a disappointment and nothing you do works,1
Nobody thinks you are pathetic and you embarrass yourself,1
People say you are worthless and nothing you do works,1
You are a burden and you always fail,1
Nobody thinks you are incompetent and nothing you do works,1
People say you are a complete failure,1
You are a disappointment and nobody respects you,1
It is obvious you are good for nothing and everyone avoids you,1
It is obvious you are worthless and people regret trusting you,1
People say you are good for nothing and nothing you do works,1
It is obvious you are good for nothing and you embarrass yourself,1
Everyone knows you are incompetent and you always fail,1
It is obvious you are pathetic and you ruin everything,1
Nobody thinks you are a disappointment and you ruin everything,1
Nobody thinks you are a disappointment and you embarrass yourself,1
Nobody thinks you are useless and nobody respects you,1
Nobody thinks you are a burden and you embarrass yourself,1
Everyone knows you are pathetic and nothing you do works,1
You are a disappointment and people regret trusting you,1
People say you are a joke and you embarrass yourself,1
Nobody thinks you are a disappointment,1
Nobody thinks you are good for nothing and nothing you do works,1
Everyone knows you are useless and you embarrass yourself,1
Everyone knows you are worthless and you always fail,1
Nobody thinks you are a complete failure and people regret trusting you,1
Nobody thinks you are good for nothing,1
It is obvious you are a disappointment and you ruin everything,1
People say you are useless and you always fail,1
People say you are a burden and you ruin everything,1
You are a complete failure and nothing you do works,1
It is obvious you are a burden and you embarrass yourself,1
It is obvious you are useless and everyone avoids you,1
People say you are worthless and you ruin everything,1
People say you are a waste of space and everyone avoids you,1
Nobody thinks you are a disappointment and you embarrass yourself,1
Everyone knows you are worthless and you ruin everything,1
Everyone knows you are worthless,1
People say you are pathetic,1
Everyone knows you are a waste of space and you always fail,1
Everyone knows you are a joke and nothing you do works,1
People say you are pathetic and nobody respects you,1
It is obvious you are a disappointment and you always fail,1
You are incompetent and you always fail,1
Nobody thinks you are pathetic and you ruin everything,1
People say you are incompetent and you always fail,1
People say you are a complete failure and nothing you do works,1
People say you are pathetic and nothing you do works,1
It is obvious you are a waste of space and you always fail,1
You are pathetic,1
You are good for nothing and nothing you do works,1
You are a complete failure and nobody respects you,1
People say you are a waste of space and nobody respects you,1
Everyone knows you are a joke,1
Nobody thinks you are incompetent and everyone avoids you,1
Nobody thinks you are a waste of space and you embarrass yourself,1
It is obvious you are a joke and you always fail,1
It is obvious you are a joke,1
It is obvious you are a waste of space and everyone avoids you,1
Nobody thinks you are a complete failure and you always fail,1
Everyone knows you are good for nothing and people regret trusting you,1
People say you are a waste of space and nobody respects you,1
People say you are worthless and everyone avoids you,1
Nobody thinks you are incompetent and nobody respects you,1
People say you are incompetent and you ruin everything,1
People say you are pathetic and you ruin everything,1
Everyone knows you are good for nothing and you embarrass yourself,1
Everyone knows you are useless and you ruin everything,1
It is obvious you are a complete failure and you ruin everything,1
It is obvious you are a joke and you embarrass yourself,1
It is obvious you are incompetent and you ruin everything,1
Everyone knows you are useless and nobody respects you,1
Nobody thinks you are a waste of space and you ruin everything,1
Everyone knows you are pathetic and you always fail,1
It is obvious you are a complete failure,1
You are a complete failure and you always fail,1
Nobody thinks you are a complete failure and everyone avoids you,1
People say you are incompetent and you ruin everything,1
Nobody thinks you are a waste of space and people regret trusting you,1
It is obvious you are a joke and nobody respects you,1
It is obvious you are a joke and you embarrass yourself,1
You are a complete failure and you ruin everything,1
People say you are good for nothing and nothing you do works,1
People say you are a disappointment and you embarrass yourself,1
Nobody thinks you are a burden and you always fail,1
Everyone knows you are worthless and nothing you do works,1
People say you are pathetic and people regret trusting you,1
You are a waste of space and you ruin everything,1
It is obvious you are a burden and you embarrass yourself,1
It is obvious you are a burden and nobody respects you,1
You are good for nothing and nothing you do works,1
Everyone knows you are a waste of space and nothing you do works,1
People say you are pathetic and you always fail,1
It is obvious you are worthless and you always fail,1
Nobody thinks you are a burden,1
Everyone knows you are a joke and you always fail,1
You are a burden and nobody respects you,1
You are worthless and you embarrass yourself,1
You are pathetic and you always fail,1
Everyone knows you are useless and everyone avoids you,1
You are a waste of space and you always fail,1
Nobody thinks you are useless and you ruin everything,1
People say you are pathetic and nothing you do works,1
Everyone knows you are worthless and everyone avoids you,1
Nobody thinks you are useless and nobody respects you,1
People say you are worthless and everyone avoids you,1
It is obvious you are useless,1
Everyone knows you are a burden,1
Everyone knows you are useless and you embarrass yourself,1
Nobody thinks you are worthless and nobody respects you,1
Nobody thinks you are worthless and people regret trusting you,1
It is obvious you are a joke,1
You are a complete failure and everyone avoids you,1
Everyone knows you are incompetent and you always fail,1
You are a disappointment and you embarrass yourself,1
People say you are a disappointment,1
People say you are worthless and people regret trusting you,1
People say you are useless and everyone avoids you,1
It is obvious you are a complete failure and nobody respects you,1
Everyone knows you are a complete failure and you embarrass yourself,1
People say you are a complete failure,1
You are worthless and nothing you do works,1
Nobody thinks you are useless and nobody respects you,1
People say you are incompetent and you ruin everything,1
People say you are pathetic and you ruin everything,1
It is obvious you are pathetic and people regret trusting you,1
You are a burden and nothing you do works,1
Everyone knows you are a waste of space and you ruin everything,1
Everyone knows you are a joke and you ruin everything,1
People say you are incompetent and people regret trusting you,1
Everyone knows you are pathetic and you embarrass yourself,1
People say you are a waste of space and you always fail,1
People say you are a complete failure and nobody respects you,1
It is obvious you are a burden and you embarrass yourself,1
You are a waste of space and you embarrass yourself,1
Everyone knows you are a complete failure and nobody respects you,1
It is obvious you are good for nothing and everyone avoids you,1
Nobody thinks you are a disappointment and everyone avoids you,1
People say you are a joke and you ruin everything,1
Everyone knows you are pathetic and you ruin everything,1
It is obvious you are a complete failure and you always fail,1
Nobody thinks you are a joke and you always fail,1
You are a waste of space,1
Everyone knows you are incompetent and nothing you do works,1
People say you are a waste of space and nothing you do works,1
It is obvious you are good for nothing and nobody respects you,1
Nobody thinks you are a burden and you always fail,1
People say you are a waste of space and nobody respects you,1
It is obvious you are useless and nothing you do works,1
People say you are a disappointment and you always fail,1
People say you are good for nothing and people regret trusting you,1
You are good for nothing and nothing you do works,1
You are pathetic and you always fail,1
You are pathetic,1
Nobody thinks you are a joke,1
Everyone knows you are a complete failure and people regret trusting you,1
People say you are a joke and people regret trusting you,1
Nobody thinks you are a burden and you ruin everything,1
Everyone knows you are a joke,1
You are a waste of space and you ruin everything,1
People say you are a waste of space and you embarrass yourself,1
Everyone knows you are a waste of space and you embarrass yourself,1
Everyone knows you are a complete failure and nothing you do works,1
Nobody thinks you are a joke and people regret trusting you,1
You are a complete failure and you ruin everything,1
You are useless and you embarrass yourself,1
It is obvious you are a joke and you always fail,1
Everyone knows you are a joke and people regret trusting you,1
It is obvious you are a joke and you always fail,1
Everyone knows you are worthless,1
It is obvious you are a waste of space and you ruin everything,1
Nobody thinks you are a waste of space and people regret trusting you,1
You are good for nothing and nobody respects you,1
You are useless and people regret trusting you,1
It is obvious you are a burden and you ruin everything,1
People say you are a complete failure and you always fail,1
Everyone knows you are incompetent and nobody respects you,1
People say you are pathetic,1
Nobody thinks you are a waste of space and people regret trusting you,1
It is obvious you are a waste of space,1
You are a complete failure and you embarrass yourself,1
Everyone knows you are pathetic and nothing you do works,1
It is obvious you are pathetic and nobody respects you,1
You are a disappointment,1
Everyone knows you are good for nothing and people regret trusting you,1
People say you are incompetent and nobody respects you,1
Nobody thinks you are incompetent and you embarrass yourself,1
Nobody thinks you are useless and everyone avoids you,1
Nobody thinks you are a waste of space and everyone avoids you,1
People say you are worthless and you embarrass yourself,1
Everyone knows you are pathetic and nobody respects you,1
It is obvious you are a disappointment and nobody respects you,1
Nobody thinks you are useless and nothing you do works,1
People say you are a disappointment and you embarrass yourself,1
Nobody thinks you are a joke and nothing you do works,1
It is obvious you are a disappointment and everyone avoids you,1
It is obvious you are worthless and you ruin everything,1
You are a joke and people regret trusting you,1
Everyone knows you are a disappointment,1
People say you are a complete failure and nobody respects you,1
Nobody thinks you are worthless and you ruin everything,1
Nobody thinks you are a complete failure and everyone avoids you,1
Everyone knows you are a complete failure and nobody respects you,1
It is obvious you are a burden and you ruin everything,1
You are a burden,1
It is obvious you are incompetent,1
Everyone knows you are a complete failure and nobody respects you,1
You are incompetent,1
People say you are a joke and everyone avoids you,1
Nobody thinks you are a disappointment and everyone avoids you,1
Nobody thinks you are a joke and people regret trusting you,1
People say you are a burden and you ruin everything,1
People say you are a waste of space and you ruin everything,1
People say you are a waste of space and nobody respects you,1
You are pathetic,1
Everyone knows you are worthless and everyone avoids you,1
Everyone knows you are a complete failure and you embarrass yourself,1
People say you are a burden,1
Nobody thinks you are a joke and nobody respects you,1
Nobody thinks you are a burden and nothing you do works,1
Everyone knows you are useless and you always fail,1
You are worthless and you ruin everything,1
It is obvious you are a complete failure and nobody respects you,1
It is obvious you are a joke and everyone avoids you,1
You are pathetic and you ruin everything,1
People say you are a waste of space,1
It is obvious you are useless and you always fail,1
Everyone knows you are pathetic and you embarrass yourself,1
You are a waste of space and people regret trusting you,1
Everyone knows you are pathetic and people regret trusting you,1
People say you are useless and nothing you do works,1
Everyone knows you are a disappointment and nothing you do works,1
It is obvious you are a joke and you embarrass yourself,1
Nobody thinks you are useless and nobody respects you,1
Nobody thinks you are good for nothing and everyone avoids you,1
It is obvious you are a disappointment and you embarrass yourself,1
It is obvious you are a complete failure and everyone avoids you,1
You are a complete failure and you always fail,1
Nobody thinks you are good for nothing,1
It is obvious you are good for nothing and you always fail,1
Nobody thinks you are a complete failure and people regret trusting you,1
People say you are useless,1
People say you are useless,1
People say you are incompetent and you always fail,1
It is obvious you are worthless and nobody respects you,1
Everyone knows you are useless and nothing you do works,1
It is obvious you are a waste of space and you always fail,1
People say you are good for nothing and you embarrass yourself,1
Everyone knows you are useless and everyone avoids you,1
It is obvious you are a disappointment and everyone avoids you,1
It is obvious you are a waste of space,1
Nobody thinks you are a burden and you ruin everything,1
You are good for nothing and you always fail,1
Nobody thinks you are worthless and you embarrass yourself,1
People say you are good for nothing,1
Everyone knows you are useless and people regret trusting you,1
Everyone knows you are pathetic and you always fail,1
It is obvious you are a burden and people regret trusting you,1
People say you are a burden and nobody respects you,1
Nobody thinks you are a joke and you ruin everything,1
People say you are a waste of space and you always fail,1
You are a joke,1
People say you are pathetic,1
Everyone knows you are useless and nobody respects you,1
People say you are useless and you ruin everything,1
Everyone knows you are a waste of space and nobody respects you,1
People say you are useless and people regret trusting you,1
Nobody thinks you are useless,1
You are a disappointment and people regret trusting you,1
It is obvious you are a waste of space and nobody respects you,1
People say you are a disappointment and nothing you do works,1
You are pathetic and nothing you do works,1
Nobody thinks you are a complete failure and everyone avoids you,1
Everyone knows you are a joke and everyone avoids you,1
Nobody thinks you are good for nothing,1
Nobody thinks you are worthless and nobody respects you,1
You are a waste of space and you embarrass yourself,1
You are a complete failure and people regret trusting you,1
It is obvious you are good for nothing and people regret trusting you,1
Nobody thinks you are incompetent and you always fail,1
You are useless and people regret trusting you,1
Everyone knows you are useless and you embarrass yourself,1
You are useless and everyone avoids you,1
People say you are worthless and nobody respects you,1
People say you are incompetent and you embarrass yourself,1
It is obvious you are a burden and you always fail,1
Nobody thinks you are pathetic,1
It is obvious you are a waste of space and you embarrass yourself,1
It is obvious you are a joke and people regret trusting you,1
You are incompetent and everyone avoids you,1
Nobody thinks you are a disappointment and everyone avoids you,1
People say you are a waste of space and everyone avoids you,1
People say you are a complete failure and nobody respects you,1
You are a burden and nothing you do works,1
Everyone knows you are worthless and people regret trusting you,1
It is obvious you are worthless,1
It is obvious you are useless,1
Everyone knows you are incompetent and everyone avoids you,1
Everyone knows you are a burden and you ruin everything,1
Everyone knows you are good for nothing and you embarrass yourself,1
Nobody thinks you are a waste of space and you embarrass yourself,1
It is obvious you are pathetic and you embarrass yourself,1
It is obvious you are a disappointment and people regret trusting you,1
Nobody thinks you are a complete failure and nobody respects you,1
It is obvious you are a burden and nobody respects you,1
It is obvious you are a disappointment,1
Nobody thinks you are good for nothing,1
You are pathetic and everyone avoids you,1
Nobody thinks you are pathetic and nothing you do works,1
Nobody thinks you are a joke,1
Nobody thinks you are incompetent and you embarrass yourself,1
Everyone knows you are worthless and people regret trusting you,1
It is obvious you are incompetent and everyone avoids you,1
It is obvious you are pathetic and people regret trusting you,1
People say you are a waste of space,1
It is obvious you are good for nothing and you always fail,1
Nobody thinks you are a complete failure and nobody respects you,1
Everyone knows you are a burden and everyone avoids you,1
It is obvious you are a burden and you always fail,1
Everyone knows you are useless and everyone avoids you,1
It is obvious you are pathetic and nothing you do works,1
Nobody thinks you are good for nothing and you embarrass yourself,1
Everyone knows you are a complete failure,1
People say you are a disappointment and you embarrass yourself,1
Nobody thinks you are a burden and you embarrass yourself,1
It is obvious you are worthless and you embarrass yourself,1
Everyone knows you are pathetic and people regret trusting you,1
Everyone knows you are a joke,1
People say you are a joke and everyone avoids you,1
It is obvious you are pathetic and you embarrass yourself,1
Everyone knows you are incompetent and everyone avoids you,1
Everyone knows you are useless,1
You are a waste of space and you always fail,1
Nobody thinks you are a waste of space and you ruin everything,1
It is obvious you are good for nothing and you embarrass yourself,1
People say you are a joke and everyone avoids you,1
It is obvious you are a burden and nothing you do works,1
You are useless and nobody respects you,1
You are a disappointment and people regret trusting you,1
It is obvious you are good for nothing and nothing you do works,1
You are pathetic and you embarrass yourself,1
People say you are a joke and nothing you do works,1
Everyone knows you are useless and people regret trusting you,1
Everyone knows you are a disappointment and you always fail,1
You are pathetic and nothing you do works,1
It is obvious you are good for nothing and you embarrass yourself,1
People say you are worthless,1
Everyone knows you are a joke,1
Everyone knows you are good for nothing and nothing you do works,1
Nobody thinks you are a joke and you embarrass yourself,1
Everyone knows you are worthless and nobody respects you,1
People say you are a complete failure and everyone avoids you,1
It is obvious you are incompetent and nobody respects you,1
You are incompetent and you ruin everything,1
You are a complete failure and you ruin everything,1
It is obvious you are a waste of space and people regret trusting you,1
Everyone knows you are good for nothing and you ruin everything,1
It is obvious you are useless,1
You are a disappointment and people regret trusting you,1
People say you are pathetic,1
People say you are a burden and you always fail,1
It is obvious you are a waste of space and nobody respects you,1
It is obvious you are worthless and everyone avoids you,1
Nobody thinks you are a disappointment and you ruin everything,1
Nobody thinks you are a waste of space and people regret trusting you,1
It is obvious you are a joke and everyone avoids you,1
Everyone knows you are useless and everyone avoids you,1
Everyone knows you are useless,1
Nobody thinks you are a waste of space and you always fail,1
Nobody thinks you are a burden and you embarrass yourself,1
People say you are worthless and nobody respects you,1
You are a joke,1
People say you are a waste of space and everyone avoids you,1
Everyone knows you are pathetic and nothing you do works,1
Everyone knows you are a joke and you always fail,1
Nobody thinks you are a disappointment and nothing you do works,1
It is obvious you are pathetic and nobody respects you,1
You are useless and everyone avoids you,1
You are a disappointment and nobody respects you,1
Everyone knows you are a joke and you embarrass yourself,1
It is obvious you are useless and nothing you do works,1
Nobody thinks you are good for nothing and people regret trusting you,1
Nobody thinks you are good for nothing,1
Nobody thinks you are good for nothing and you always fail,1
You are useless and you ruin everything,1
It is obvious you are a waste of space and you ruin everything,1
People say you are a joke and everyone avoids you,1
It is obvious you are worthless and people regret trusting you,1
It is obvious you are useless and people regret trusting you,1
People say you are good for nothing,1
It is obvious you are a waste of space and you always fail,1
Nobody thinks you are incompetent,1
It is obvious you are a complete failure and you ruin everything,1
It is obvious you are a waste of space and you embarrass yourself,1
You are a joke and nothing you do works,1
It is obvious you are good for nothing and nobody respects you,1
You are worthless and you always fail,1
It is obvious you are useless and you embarrass yourself,1
It is obvious you are a joke,1
Nobody thinks you are pathetic and you embarrass yourself,1
You are a joke and you embarrass yourself,1
Everyone knows you are good for nothing and you ruin everything,1
People say you are pathetic and everyone avoids you,1
You are a burden and people regret trusting you,1
People say you are a disappointment and nobody respects you,1
You are useless and you always fail,1
You are worthless and you embarrass yourself,1
People say you are a disappointment and nothing you do works,1
You are worthless and everyone avoids you,1
Nobody thinks you are useless and nothing you do works,1
It is obvious you are a complete failure and people regret trusting you,1
Everyone knows you are a burden,1
It is obvious you are a waste of space and everyone avoids you,1
It is obvious you are a joke and you embarrass yourself,1
People say you are pathetic and nothing you do works,1
People say you are good for nothing,1
You are a disappointment and you ruin everything,1
You are a joke and nothing you do works,1
You are worthless and you always fail,1
Everyone knows you are a burden and you ruin everything,1
It is obvious you are a disappointment and everyone avoids you,1
You are incompetent and everyone avoids you,1
People say you are a complete failure and you ruin everything,1
Everyone knows you are a disappointment and you embarrass yourself,1
You are worthless and people regret trusting you,1
People say you are good for nothing and people regret trusting you,1
Nobody thinks you are a burden and you always fail,1
Nobody thinks you are a burden and you ruin everything,1
People say you are worthless and everyone avoids you,1
It is obvious you are a complete failure and people regret trusting you,1
You are a joke,1
You are worthless and nothing you do works,1
Everyone knows you are a disappointment and nothing you do works,1
Everyone knows you are useless and people regret trusting you,1
Everyone knows you are a burden and nobody respects you,1
People say you are a complete failure and you ruin everything,1
It is obvious you are a complete failure,1
You are a disappointment and you always fail,1
Nobody thinks you are a complete failure and nothing you do works,1
It is obvious you are good for nothing and you ruin everything,1
You are good for nothing,1
It is obvious you are good for nothing and you ruin everything,1
It is obvious you are a disappointment and people regret trusting you,1
It is obvious you are incompetent and people regret trusting you,1
It is obvious you are good for nothing and you always fail,1
It is obvious you are worthless and people regret trusting you,1
Nobody thinks you are incompetent and nothing you do works,1
Nobody thinks you are a waste of space and nothing you do works,1
Nobody thinks you are a complete failure and you ruin everything,1
It is obvious you are a disappointment and nothing you do works,1
People say you are a disappointment,1
Everyone knows you are a disappointment and nobody respects you,1
People say you are a burden and people regret trusting you,1
Nobody thinks you are useless and people regret trusting you,1
You are a complete failure and people regret trusting you,1
People say you are a joke and people regret trusting you,1
Everyone knows you are useless,1
Everyone knows you are a waste of space and you ruin everything,1
Nobody thinks you are useless and everyone avoids you,1
People say you are worthless and nothing you do works,1
People say you are a disappointment and you embarrass yourself,1
Everyone knows you are useless and people regret trusting you,1
Everyone knows you are pathetic and people regret trusting you,1
Everyone knows you are worthless,1
You are a joke and you always fail,1
Nobody thinks you are a disappointment and nobody respects you,1
You are good for nothing and you always fail,1
You are good for nothing,1
Nobody thinks you are incompetent and you always fail,1
Nobody thinks you are worthless and nothing you do works,1
You are pathetic and you embarrass yourself,1
It is obvious you are incompetent and people regret trusting you,1
People say you are pathetic and nobody respects you,1
It is obvious you are a complete failure and people regret trusting you,1
Everyone knows you are a burden and you always fail,1
You are a complete failure and you ruin everything,1
Everyone knows you are a waste of space and people regret trusting you,1
It is obvious you are a complete failure and nobody respects you,1
You are a disappointment,1
It is obvious you are good for nothing and you embarrass yourself,1
You are good for nothing and nothing you do works,1
Nobody thinks you are worthless and people regret trusting you,1
You are a waste of space,1
You are good for nothing and people regret trusting you,1
Nobody thinks you are useless and you embarrass yourself,1
It is obvious you are pathetic and you ruin everything,1
Nobody thinks you are worthless and nothing you do works,1
It is obvious you are a joke and you embarrass yourself,1
People say you are a waste of space and you always fail,1
You are a burden and people regret trusting you,1
It is obvious you are a burden,1
People say you are good for nothing and you ruin everything,1
You are useless and you always fail,1
It is obvious you are useless and nobody respects you,1
It is obvious you are good for nothing and you always fail,1
It is obvious you are useless,1
You are incompetent and nobody respects you,1
It is obvious you are incompetent and you always fail,1
Nobody thinks you are useless and everyone avoids you,1
You are a complete failure and you ruin everything,1
It is obvious you are good for nothing and nothing you do works,1
It is obvious you are a waste of space and nobody respects you,1
People say you are a waste of space and you always fail,1
You are pathetic and you always fail,1
People say you are good for nothing and you ruin everything,1
People say you are a burden and you ruin everything,1
You are worthless and you always fail,1
You are a disappointment and nothing you do works,1
People say you are incompetent and you embarrass yourself,1
Everyone knows you are a complete failure and nobody respects you,1
Nobody thinks you are a burden and nothing you do works,1
It is obvious you are a burden and nothing you do works,1
Everyone knows you are worthless and you ruin everything,1
You are incompetent and people regret trusting you,1
Everyone knows you are good for nothing and everyone avoids you,1
It is obvious you are a waste of space and you always fail,1
Everyone knows you are useless and you always fail,1
You are a disappointment and nothing you do works,1
You are a burden and you ruin everything,1
People say you are worthless,1
People say you are incompetent and you ruin everything,1
Nobody thinks you are a joke and nobody respects you,1
It is obvious you are a joke and you embarrass yourself,1
Nobody thinks you are a complete failure and you ruin everything,1
You are a waste of space and you ruin everything,1
Nobody thinks you are incompetent and nothing you do works,1
Everyone knows you are a waste of space and everyone avoids you,1
You are a burden and nothing you do works,1
Nobody thinks you are good for nothing and people regret trusting you,1
You are a complete failure,1
People say you are worthless,1
Nobody thinks you are pathetic,1
You are a complete failure and you ruin everything,1
It is obvious you are worthless and nothing you do works,1
Everyone knows you are a complete failure and everyone avoids you,1
People say you are a disappointment,1
You are a waste of space and nothing you do works,1
It is obvious you are good for nothing and nobody respects you,1
You are a burden and people regret trusting you,1
Everyone knows you are useless and everyone avoids you,1
It is obvious you are incompetent and people regret trusting you,1
People say you are worthless and you ruin everything,1
Everyone knows you are good for nothing and people regret trusting you,1
You are a complete failure and you ruin everything,1
People say you are a burden,1
You are a complete failure and you embarrass yourself,1
Nobody thinks you are useless and you ruin everything,1
It is obvious you are a disappointment and nobody respects you,1
Nobody thinks you are pathetic and you ruin everything,1
Nobody thinks you are useless and you embarrass yourself,1
You are a joke and people regret trusting you,1
It is obvious you are good for nothing and you ruin everything,1
Everyone knows you are incompetent and you ruin everything,1
Nobody thinks you are a waste of space and nothing you do works,1
You are good for nothing,1
Everyone knows you are a waste of space and you ruin everything,1
It is obvious you are useless and people regret trusting you,1
You are useless and everyone avoids you,1
Everyone knows you are a waste of space,1
You are a burden,1
It is obvious you are a waste of space and you always fail,1
People say you are a disappointment,1
People say you are a burden and everyone avoids you,1
It is obvious you are pathetic and you ruin everything,1
People say you are a burden,1
It is obvious you are a burden and nothing you do works,1
Nobody thinks you are worthless and people regret trusting you,1
Everyone knows you are worthless and you embarrass yourself,1
You are a complete failure and everyone avoids you,1
People say you are pathetic and nobody respects you,1
You are a disappointment and nobody respects you,1
Nobody thinks you are good for nothing and people regret trusting you,1
Everyone knows you are useless and you embarrass yourself,1
You are worthless,1
You are a joke and you embarrass yourself,1
Everyone knows you are useless and you always fail,1
Everyone knows you are a complete failure,1
People say you are incompetent and you embarrass yourself,1
It is obvious you are a disappointment and people regret trusting you,1
Nobody thinks you are a joke and nobody respects you,1
Nobody thinks you are incompetent and you always fail,1
People say you are pathetic and people regret trusting you,1
Nobody thinks you are a waste of space and nobody respects you,1
Everyone knows you are worthless and nothing you do works,1
You are a burden and you always fail,1
People say you are pathetic,1
It is obvious you are worthless and people regret trusting you,1
People say you are a disappointment and nothing you do works,1
It is obvious you are worthless and you ruin everything,1
It is obvious you are a burden and you ruin everything,1
It is obvious you are a complete failure and people regret trusting you,1
Everyone knows you are a burden and people regret trusting you,1
People say you are good for nothing and nothing you do works,1
You are useless and people regret trusting you,1
Everyone knows you are a burden and you always fail,1
People say you are pathetic and you ruin everything,1
People say you are a complete failure and everyone avoids you,1
Everyone knows you are a disappointment and people regret trusting you,1
Nobody thinks you are useless and you ruin everything,1
Everyone knows you are a disappointment and everyone avoids you,1
People say you are good for nothing and you always fail,1
People say you are a burden and people regret trusting you,1
People say you are good for nothing and people regret trusting you,1
People say you are worthless,1
It is obvious you are a burden,1
Nobody thinks you are a complete failure and you embarrass yourself,1
Everyone knows you are a complete failure and you always fail,1
Nobody thinks you are a disappointment and people regret trusting you,1
Everyone knows you are a joke and you embarrass yourself,1
You are a joke and you embarrass yourself,1
You are pathetic,1
Nobody thinks you are a joke and you always fail,1
It is obvious you are pathetic and nothing you do works,1
Nobody thinks you are useless and nobody respects you,1
Nobody thinks you are pathetic,1
Nobody thinks you are pathetic and people regret trusting you,1
Everyone knows you are pathetic and you always fail,1
You are a disappointment and people regret trusting you,1
Everyone knows you are a waste of space and you embarrass yourself,1
You are pathetic and nobody respects you,1
Everyone knows you are a complete failure and you ruin everything,1
People say you are a waste of space and you ruin everything,1
You are good for nothing and everyone avoids you,1
You are a disappointment and nothing you do works,1
It is obvious you are pathetic and you always fail,1
Nobody thinks you are a disappointment and people regret trusting you,1
People say you are incompetent and people regret trusting you,1
Nobody thinks you are pathetic and you always fail,1
It is obvious you are good for nothing and nothing you do works,1
It is obvious you are a joke and everyone avoids you,1
Nobody thinks you are worthless and you ruin everything,1
People say you are a waste of space and everyone avoids you,1
Nobody thinks you are a joke and you always fail,1
Everyone knows you are a complete failure and you always fail,1
You are a disappointment and nothing you do works,1
Nobody thinks you are a joke and people regret trusting you,1
You are a joke and people regret trusting you,1
Everyone knows you are a waste of space and you embarrass yourself,1
Nobody thinks you are a burden and people regret trusting you,1
Nobody thinks you are a joke and nothing you do works,1
Nobody thinks you are pathetic,1
People say you are a complete failure,1
You are pathetic and nobody respects you,1
It is obvious you are useless and everyone avoids you,1
Everyone knows you are pathetic and everyone avoids you,1
People say you are a complete failure and you ruin everything,1
It is obvious you are a disappointment and you always fail,1
Nobody thinks you are good for nothing,1
You are a joke and people regret trusting you,1
It is obvious you are a waste of space and nothing you do works,1
Everyone knows you are a waste of space,1
You are useless and people regret trusting you,1
You are worthless and you always fail,1
You are a complete failure,1
You are incompetent and you ruin everything,1
You are a waste of space and you embarrass yourself,1
Everyone knows you are pathetic and everyone avoids you,1
Everyone knows you are incompetent and everyone avoids you,1
Nobody thinks you are useless and everyone avoids you,1
It is obvious you are good for nothing and nobody respects you,1
Everyone knows you are a disappointment,1
Nobody thinks you are pathetic and everyone avoids you,1
You are a disappointment and you ruin everything,1
Everyone knows you are a burden and you always fail,1
Everyone knows you are worthless and you always fail,1
It is obvious you are useless and you embarrass yourself,1
Nobody thinks you are incompetent and you always fail,1
People say you are a burden and nobody respects you,1
People say you are incompetent and nobody respects you,1
People say you are good for nothing,1
It is obvious you are pathetic and nobody respects you,1
You are worthless and people regret trusting you,1
It is obvious you are a complete failure and nothing you do works,1
People say you are useless and you embarrass yourself,1
People say you are a complete failure and you embarrass yourself,1
It is obvious you are good for nothing and you ruin everything,1
Everyone knows you are good for nothing and you embarrass yourself,1
People say you are useless and you always fail,1
Everyone knows you are useless and nothing you do works,1
Everyone knows you are a waste of space and nothing you do works,1
People say you are a waste of space,1
It is obvious you are a joke and nothing you do works,1
Everyone knows you are a waste of space,1
People say you are incompetent and people regret trusting you,1
People say you are incompetent,1
Nobody thinks you are a burden,1
Nobody thinks you are pathetic and nothing you do works,1
You are a complete failure and people regret trusting you,1
Nobody thinks you are a burden and you ruin everything,1
You are a disappointment and people regret trusting you,1
You are a burden and you always fail,1
You are a disappointment and nothing you do works,1
People say you are good for nothing and you embarrass yourself,1
Nobody thinks you are useless and nothing you do works,1
Nobody thinks you are a burden and you always fail,1
It is obvious you are a disappointment and nobody respects you,1
It is obvious you are a disappointment and you ruin everything,1
It is obvious you are good for nothing and nothing you do works,1
You are a waste of space,1
It is obvious you are a joke and nothing you do works,1
Everyone knows you are a waste of space and you ruin everything,1
People say you are good for nothing,1
Nobody thinks you are incompetent and you always fail,1
People say you are pathetic,1
It is obvious you are a complete failure and nothing you do works,1
Nobody thinks you are a waste of space,1
It is obvious you are useless and people regret trusting you,1
You are good for nothing and you ruin everything,1
Nobody thinks you are incompetent and everyone avoids you,1
It is obvious you are good for nothing,1
People say you are useless and you embarrass yourself,1
Everyone knows you are worthless and you ruin everything,1
It is obvious you are good for nothing and everyone avoids you,1
It is obvious you are a waste of space and you ruin everything,1
Nobody thinks you are incompetent and you always fail,1
Nobody thinks you are a waste of space and you always fail,1
You are useless and you embarrass yourself,1
You are good for nothing and people regret trusting you,1
Everyone knows you are incompetent and everyone avoids you,1
Nobody thinks you are a burden and people regret trusting you,1
You are a joke and everyone avoids you,1
It is obvious you are useless and nobody respects you,1
People say you are useless,1
Everyone knows you are worthless,1
People say you are a burden and people regret trusting you,1
Everyone knows you are a waste of space and you embarrass yourself,1
Everyone knows you are incompetent and people regret trusting you,1
Everyone knows you are a disappointment and you always fail,1
People say you are a complete failure and nobody respects you,1
Nobody thinks you are pathetic and nobody respects you,1
It is obvious you are worthless,1
You are a joke and you ruin everything,1
People say you are incompetent and you always fail,1
Everyone knows you are pathetic and you ruin everything,1
Everyone knows you are good for nothing and you embarrass yourself,1
It is obvious you are a joke,1
It is obvious you are good for nothing and everyone avoids you,1
People say you are a joke and people regret trusting you,1
It is obvious you are pathetic and nothing you do works,1
Nobody thinks you are a waste of space and you always fail,1
You are incompetent and you embarrass yourself,1
You are useless and you always fail,1
It is obvious you are a disappointment and you embarrass yourself,1
It is obvious you are a waste of space and nobody respects you,1
You are useless,1
You are a joke and people regret trusting you,1
You are incompetent and you ruin everything,1
People say you are a disappointment and you ruin everything,1
Nobody thinks you are a burden and everyone avoids you,1
Everyone knows you are good for nothing,1
Everyone knows you are a disappointment,1
It is obvious you are useless and you always fail,1
Nobody thinks you are a joke and you embarrass yourself,1
It is obvious you are a complete failure and nobody respects you,1
It is obvious you are good for nothing and you embarrass yourself,1
You are a waste of space and nobody respects you,1
It is obvious you are a complete failure and you embarrass yourself,1
You are worthless and nobody respects you,1
People say you are useless and you embarrass yourself,1
It is obvious you are a waste of space and nobody respects you,1
It is obvious you are pathetic,1
People say you are a disappointment and nobody respects you,1
It is obvious you are a waste of space and you embarrass yourself,1
You are incompetent and nothing you do works,1
People say you are a disappointment and nobody respects you,1
Everyone knows you are good for nothing and people regret trusting you,1
Everyone knows you are a complete failure and you always fail,1
Everyone knows you are a burden and you ruin everything,1
You are incompetent and people regret trusting you,1
People say you are worthless and nothing you do works,1
Everyone knows you are a disappointment and you embarrass yourself,1
You are a joke and people regret trusting you,1
You are a joke and nobody respects you,1
Nobody thinks you are good for nothing and everyone avoids you,1
It is obvious you are pathetic and nothing you do works,1
Nobody thinks you are a waste of space and people regret trusting you,1
Everyone knows you are worthless and you always fail,1
People say you are good for nothing and people regret trusting you,1
Everyone knows you are a waste of space and people regret trusting you,1
Everyone knows you are pathetic and nobody respects you,1
People say you are good for nothing and you ruin everything,1
You are worthless and nothing you do works,1
It is obvious you are a disappointment and nobody respects you,1
Everyone knows you are useless and you always fail,1
Nobody thinks you are incompetent and you ruin everything,1
You are a complete failure and everyone avoids you,1
Nobody thinks you are good for nothing and everyone avoids you,1
You are a disappointment,1
You are useless,1
It is obvious you are useless and people regret trusting you,1
It is obvious you are good for nothing and nobody respects you,1
People say you are a disappointment and you always fail,1
Everyone knows you are a burden and you ruin everything,1
People say you are a burden and people regret trusting you,1
You are a waste of space and everyone avoids you,1
It is obvious you are a burden and you always fail,1
It is obvious you are a burden and people regret trusting you,1
You are useless and you embarrass yourself,1
Nobody thinks you are incompetent and nothing you do works,1
You are a disappointment and you embarrass yourself,1
Nobody thinks you are useless and everyone avoids you,1
It is obvious you are a joke and you always fail,1
You are pathetic,1
It is obvious you are incompetent and people regret trusting you,1
Nobody thinks you are a complete failure and you ruin everything,1
People say you are a joke and you embarrass yourself,1
You are a waste of space and you ruin everything,1
Nobody thinks you are pathetic and you ruin everything,1
Everyone knows you are worthless,1
Everyone knows you are a burden and people regret trusting you,1
It is obvious you are pathetic and you ruin everything,1
It is obvious you are a burden and you always fail,1
People say you are a burden,1
It is obvious you are a waste of space and nothing you do works,1
People say you are a joke,1
You are a waste of space and nothing you do works,1
You are incompetent and you ruin everything,1
You are pathetic and you always fail,1
People say you are a joke and you ruin everything,1
People say you are a complete failure and nothing you do works,1
You are a waste of space and you embarrass yourself,1
Everyone knows you are a disappointment and nobody respects you,1
Everyone knows you are incompetent and nobody respects you,1
You are a burden and you ruin everything,1
It is obvious you are worthless and you embarrass yourself,1
Nobody thinks you are useless and you always fail,1
People say you are good for nothing and you embarrass yourself,1
People say you are pathetic and people regret trusting you,1
Nobody thinks you are a complete failure and nothing you do works,1
You are good for nothing and you embarrass yourself,1
Everyone knows you are good for nothing and people regret trusting you,1
You are a waste of space and you ruin everything,1
Nobody thinks you are a joke and you always fail,1
Nobody thinks you are a joke and you ruin everything,1
It is obvious you are good for nothing and everyone avoids you,1
Nobody thinks you are a waste of space and you always fail,1
Nobody thinks you are a burden and nothing you do works,1
People say you are worthless and people regret trusting you,1
Nobody thinks you are a joke and you embarrass yourself,1
Everyone knows you are useless and you always fail,1
Nobody thinks you are pathetic and people regret trusting you,1
Nobody thinks you are a waste of space and nothing you do works,1
It is obvious you are worthless and nothing you do works,1
Everyone knows you are pathetic,1
It is obvious you are good for nothing and nothing you do works,1
You are a waste of space and nothing you do works,1
You are useless and you always fail,1
Nobody thinks you are a burden and nobody respects you,1
Nobody thinks you are a disappointment and people regret trusting you,1
Nobody thinks you are a waste of space and you ruin everything,1
Nobody thinks you are a burden and everyone avoids you,1
Nobody thinks you are useless and everyone avoids you,1
Everyone knows you are good for nothing and you always fail,1
You are a joke and nothing you do works,1
People say you are good for nothing and you always fail,1
It is obvious you are pathetic and everyone avoids you,1
Everyone knows you are a joke and everyone avoids you,1
You are a complete failure and people regret trusting you,1
Nobody thinks you are useless and you always fail,1
People say you are a burden and you always fail,1
You are incompetent and you ruin everything,1
It is obvious you are pathetic and you always fail,1
Nobody thinks you are good for nothing,1
Everyone knows you are a joke,1
People say you are a joke,1
People say you are worthless,1
Nobody thinks you are a burden and nothing you do works,1
It is obvious you are incompetent and nothing you do works,1
Everyone knows you are pathetic,1
People say you are a burden and you always fail,1
Nobody thinks you are incompetent,1
People say you are useless and nobody respects you,1
You are a complete failure and you ruin everything,1
People say you are worthless and you embarrass yourself,1
Everyone knows you are a burden and nothing you do works,1
Everyone knows you are a joke and everyone avoids you,1
Everyone knows you are a joke and you embarrass yourself,1
People say you are worthless and you embarrass yourself,1
People say you are incompetent and people regret trusting you,1
It is obvious you are good for nothing and nobody respects you,1
Nobody thinks you are a joke and nobody respects you,1
You are a joke and you ruin everything,1
Everyone knows you are a burden,1
You are a burden and you embarrass yourself,1
Nobody thinks you are good for nothing and nobody respects you,1
It is obvious you are a joke and you ruin everything,1
You are worthless and you ruin everything,1
It is obvious you are pathetic and nothing you do works,1
It is obvious you are a burden and you always fail,1
People say you are a disappointment and you ruin everything,1
Everyone knows you are a joke and nothing you do works,1
People say you are incompetent and nobody respects you,1
You are a disappointment and people regret trusting you,1
Everyone knows you are a complete failure,1
It is obvious you are a joke and you ruin everything,1
Everyone knows you are worthless and nobody respects you,1
You are a joke,1
You are a waste of space and you ruin everything,1
Everyone knows you are incompetent and you embarrass yourself,1
People say you are worthless and you always fail,1
People say you are good for nothing,1
People say you are pathetic,1
People say you are pathetic and nothing you do works,1
You are incompetent and nothing you do works,1
Everyone knows you are worthless,1
You are useless and you embarrass yourself,1
You are a waste of space and nobody respects you,1
You are a burden and you ruin everything,1
Everyone knows you are pathetic,1
Everyone knows you are a waste of space and nobody respects you,1
Nobody thinks you are good for nothing and everyone avoids you,1
It is obvious you are a complete failure and you ruin everything,1
People say you are a complete failure,1
Everyone knows you are incompetent and everyone avoids you,1
Nobody thinks you are a complete failure,1
Nobody thinks you are a disappointment and people regret trusting you,1
You are a joke and you embarrass yourself,1
Everyone knows you are worthless and people regret trusting you,1
You are good for nothing and everyone avoids you,1
It is obvious you are a joke and you ruin everything,1
It is obvious you are worthless,1
Everyone knows you are incompetent and you ruin everything,1
Nobody thinks you are worthless and everyone avoids you,1
Nobody thinks you are useless and nobody respects you,1
Everyone knows you are incompetent and nothing you do works,1
You are a burden and you always fail,1
People say you are a burden,1
People say you are good for nothing and nothing you do works,1
Nobody thinks you are a disappointment,1
You are incompetent and you embarrass yourself,1
People say you are a joke and you always fail,1
Nobody thinks you are worthless and you always fail,1
You are good for nothing and you always fail,1
It is obvious you are useless and nothing you do works,1
Everyone knows you are a complete failure and you ruin everything,1
Nobody thinks you are incompetent and everyone avoids you,1
Everyone knows you are pathetic and nothing you do works,1
Everyone knows you are a burden and you ruin everything,1
People say you are a complete failure and you always fail,1
You are pathetic,1
Everyone knows you are a disappointment,1
It is obvious you are a disappointment and you embarrass yourself,1
Nobody thinks you are incompetent and everyone avoids you,1
Everyone knows you are incompetent and you always fail,1
Everyone knows you are a burden and you always fail,1
Everyone knows you are pathetic and you always fail,1
It is obvious you are a joke and nobody respects you,1
You are good for nothing and you always fail,1
People say you are useless and people regret trusting you,1
You are pathetic and nothing you do works,1
Everyone knows you are a complete failure and everyone avoids you,1
Nobody thinks you are a disappointment,1
Everyone knows you are a waste of space and you ruin everything,1
Everyone knows you are pathetic and people regret trusting you,1
People say you are worthless and nobody respects you,1
It is obvious you are a burden and nothing you do works,1
People say you are useless and you ruin everything,1
Everyone knows you are pathetic and nothing you do works,1
You are a disappointment and you ruin everything,1
Everyone knows you are good for nothing and you embarrass yourself,1
Everyone knows you are incompetent and you embarrass yourself,1
Nobody thinks you are pathetic and people regret trusting you,1
Everyone knows you are a waste of space and nobody respects you,1
People say you are a joke and people regret trusting you,1
You are a waste of space,1
People say you are a joke,1
People say you are a burden,1
You are a burden and you always fail,1
It is obvious you are a joke and nobody respects you,1
Nobody thinks you are a disappointment and everyone avoids you,1
It is obvious you are useless and you ruin everything,1
You are incompetent and you ruin everything,1
Nobody thinks you are good for nothing,1
It is obvious you are pathetic,1
Everyone knows you are good for nothing and nobody respects you,1
You are worthless and you embarrass yourself,1
It is obvious you are incompetent and everyone avoids you,1
It is obvious you are a burden and nobody respects you,1
Everyone knows you are a waste of space and you ruin everything,1
It is obvious you are pathetic and nobody respects you,1
Nobody thinks you are a complete failure,1
You are good for nothing and you embarrass yourself,1
It is obvious you are useless and you embarrass yourself,1
Nobody thinks you are incompetent and you ruin everything,1
You are good for nothing,1
Nobody thinks you are a joke and you always fail,1
Everyone knows you are good for nothing and you embarrass yourself,1
People say you are good for nothing and nothing you do works,1
Everyone knows you are incompetent and everyone avoids you,1
Everyone knows you are a disappointment and you always fail,1
People say you are a disappointment and people regret trusting you,1
Nobody thinks you are a burden,1
It is obvious you are good for nothing and everyone avoids you,1
People say you are a joke and nothing you do works,1
It is obvious you are a joke and people regret trusting you,1
Everyone knows you are a disappointment,1
People say you are incompetent and everyone avoids you,1
You are good for nothing,1
Nobody thinks you are a burden,1
You are pathetic and you always fail,1
You are incompetent and nothing you do works,1
It is obvious you are worthless and people regret trusting you,1
Everyone knows you are a waste of space and nothing you do works,1
It is obvious you are a joke and nothing you do works,1
You are a burden and nobody respects you,1
It is obvious you are a joke and nothing you do works,1
Everyone knows you are a waste of space and you embarrass yourself,1
Everyone knows you are a disappointment and everyone avoids you,1
You are a disappointment and people regret trusting you,1
People say you are a complete failure and everyone avoids you,1
People say you are good for nothing and nothing you do works,1
Nobody thinks you are a burden and everyone avoids you,1
Nobody thinks you are pathetic and nobody respects you,1
Everyone knows you are a burden and everyone avoids you,1
People say you are incompetent and you embarrass yourself,1
Everyone knows you are a joke and nobody respects you,1
It is obvious you are a disappointment and nothing you do works,1
You are a joke and you always fail,1
People say you are worthless and people regret trusting you,1
Everyone knows you are a waste of space and you embarrass yourself,1
Nobody thinks you are a disappointment and you embarrass yourself,1
Everyone knows you are useless and you ruin everything,1
You are a complete failure and you ruin everything,1
Nobody thinks you are a disappointment,1
It is obvious you are a disappointment and you ruin everything,1
You are incompetent and nothing you do works,1
People say you are a disappointment and you embarrass yourself,1
Nobody thinks you are worthless and nobody respects you,1
Everyone knows you are worthless and nothing you do works,1
People say you are good for nothing and everyone avoids you,1
People say you are pathetic and you ruin everything,1
It is obvious you are worthless and you ruin everything,1
People say you are a waste of space and nobody respects you,1
It is obvious you are worthless and you always fail,1
It is obvious you are a joke,1
Nobody thinks you are a joke and you always fail,1
People say you are a joke,1
Nobody thinks you are good for nothing and you ruin everything,1
People say you are incompetent,1
Nobody thinks you are good for nothing and people regret trusting you,1
Everyone knows you are useless and nothing you do works,1
You are a joke and nothing you do works,1
Nobody thinks you are a joke and you ruin everything,1
Everyone knows you are a joke and nobody respects you,1
Nobody thinks you are a burden and you ruin everything,1
People say you are useless,1
It is obvious you are pathetic and you ruin everything,1
People say you are a joke and everyone avoids you,1
Nobody thinks you are good for nothing and everyone avoids you,1
It is obvious you are incompetent,1
Everyone knows you are worthless and everyone avoids you,1
It is obvious you are useless and nothing you do works,1
You are a disappointment,1
It is obvious you are useless and people regret trusting you,1
You are a waste of space and you embarrass yourself,1
People say you are a disappointment and nobody respects you,1
You are useless and nobody respects you,1
Nobody thinks you are a joke and you embarrass yourself,1
You are a burden and you ruin everything,1
It is obvious you are useless and nobody respects you,1
You are a disappointment and people regret trusting you,1
It is obvious you are a complete failure and you always fail,1
It is obvious you are incompetent,1
It is obvious you are useless and nothing you do works,1
You are a joke and you embarrass yourself,1
Nobody thinks you are a waste of space,1
You are a complete failure and you embarrass yourself,1
Everyone knows you are good for nothing and nothing you do works,1
Nobody thinks you are a disappointment and nothing you do works,1
People say you are a burden and everyone avoids you,1
People say you are a joke and everyone avoids you,1
Nobody thinks you are a waste of space and you ruin everything,1
You are a waste of space and you embarrass yourself,1
Everyone knows you are a disappointment and you embarrass yourself,1
Nobody thinks you are worthless and nobody respects you,1
It is obvious you are useless and everyone avoids you,1
Nobody thinks you are pathetic and nothing you do works,1
You are a waste of space and you ruin everything,1
Everyone knows you are good for nothing,1
It is obvious you are incompetent and you embarrass yourself,1
It is obvious you are worthless and everyone avoids you,1
Everyone knows you are a disappointment and you embarrass yourself,1
It is obvious you are good for nothing and everyone avoids you,1
It is obvious you are incompetent and you ruin everything,1
People say you are a waste of space,1
Nobody thinks you are a disappointment and nobody respects you,1
You are a joke and nobody respects you,1
Nobody thinks you are a joke and people regret trusting you,1
It is obvious you are a disappointment and everyone avoids you,1
Everyone knows you are a burden,1
You are a waste of space and everyone avoids you,1
People say you are useless and you ruin everything,1
You are useless and you always fail,1
Everyone knows you are a joke and you always fail,1
It is obvious you are incompetent and nothing you do works,1
Nobody thinks you are incompetent and nothing you do works,1
Everyone knows you are a burden and you embarrass yourself,1
Everyone knows you are a joke and you always fail,1
It is obvious you are worthless and everyone avoids you,1
It is obvious you are worthless and you always fail,1
People say you are a joke,1
It is obvious you are a complete failure and people regret trusting you,1
Nobody thinks you are a joke,1
Everyone knows you are useless and everyone avoids you,1
Nobody thinks you are a burden and you embarrass yourself,1
Everyone knows you are a joke and you ruin everything,1
Nobody thinks you are a complete failure and people regret trusting you,1
People say you are useless and people regret trusting you,1
Everyone knows you are a burden and nobody respects you,1
People say you are a burden and you embarrass yourself,1
Nobody thinks you are incompetent and nothing you do works,1
Everyone knows you are useless and everyone avoids you,1
Nobody thinks you are a disappointment and nobody respects you,1
Nobody thinks you are pathetic and you embarrass yourself,1
You are a waste of space and everyone avoids you,1
People say you are a joke and everyone avoids you,1
It is obvious you are a complete failure and you embarrass yourself,1
Everyone knows you are useless and you embarrass yourself,1
It is obvious you are a burden,1
Nobody thinks you are good for nothing and nothing you do works,1
People say you are useless and you ruin everything,1
You are a disappointment and you always fail,1
You are a burden and you ruin everything,1
Nobody thinks you are incompetent and people regret trusting you,1
People say you are incompetent and you ruin everything,1
Everyone knows you are useless and people regret trusting you,1
You are a joke and people regret trusting you,1
People say you are good for nothing and you embarrass yourself,1
People say you are pathetic and nobody respects you,1
It is obvious you are worthless and everyone avoids you,1
Nobody thinks you are a burden and you ruin everything,1
It is obvious you are incompetent and people regret trusting you,1
You are a complete failure and people regret trusting you,1
Nobody thinks you are good for nothing and everyone avoids you,1
You are good for nothing and you embarrass yourself,1
Everyone knows you are pathetic and everyone avoids you,1
Nobody thinks you are pathetic and nobody respects you,1
People say you are a complete failure and you ruin everything,1
Everyone knows you are pathetic,1
You are incompetent and nobody respects you,1
It is obvious you are pathetic and you embarrass yourself,1
Everyone knows you are a burden and nobody respects you,1
It is obvious you are a complete failure and everyone avoids you,1
People say you are a joke and people regret trusting you,1
Nobody thinks you are useless and nobody respects you,1
People say you are worthless and you always fail,1
Nobody thinks you are a waste of space and you embarrass yourself,1
You are a burden and everyone avoids you,1
Nobody thinks you are a complete failure and people regret trusting you,1
People say you are worthless and nothing you do works,1
People say you are a joke and you always fail,1
People say you are a disappointment and you ruin everything,1
People say you are a waste of space and you ruin everything,1
Nobody thinks you are a disappointment and you ruin everything,1
It is obvious you are pathetic and you always fail,1
You are good for nothing and everyone avoids you,1
You are pathetic and nothing you do works,1
It is obvious you are pathetic,1
Everyone knows you are a joke and you always fail,1
People say you are a complete failure,1
Nobody thinks you are useless and nobody respects you,1
People say you are a waste of space and people regret trusting you,1
It is obvious you are a joke,1
It is obvious you are a waste of space and nobody respects you,1
Nobody thinks you are a burden and nothing you do works,1
People say you are a disappointment and you ruin everything,1
Nobody thinks you are pathetic and nothing you do works,1
People say you are a joke and you ruin everything,1
Everyone knows you are pathetic and everyone avoids you,1
Nobody thinks you are a complete failure and everyone avoids you,1
Nobody thinks you are a waste of space and you embarrass yourself,1
It is obvious you are incompetent and nothing you do works,1
You are a disappointment and you always fail,1
It is obvious you are a waste of space and you always fail,1
You are a joke and you embarrass yourself,1
Nobody thinks you are a joke and people regret trusting you,1
You are good for nothing and nothing you do works,1
It is obvious you are incompetent,1
It is obvious you are a joke and everyone avoids you,1
Nobody thinks you are incompetent and people regret trusting you,1
Nobody thinks you are incompetent and you ruin everything,1
You are worthless and you always fail,1
Everyone knows you are worthless and everyone avoids you,1
People say you are a complete failure and everyone avoids you,1
It is obvious you are a complete failure and nobody respects you,1
People say you are useless,1
Nobody thinks you are worthless,1
People say you are a waste of space and nobody respects you,1
It is obvious you are pathetic and you always fail,1
People say you are a complete failure and nobody respects you,1
Everyone knows you are good for nothing,1
People say you are a disappointment and you always fail,1
People say you are incompetent and you ruin everything,1
Nobody thinks you are a waste of space and nobody respects you,1
It is obvious you are worthless and you always fail,1
You are incompetent,1
People say you are incompetent,1
You are incompetent and nothing you do works,1
You are a waste of space and people regret trusting you,1
People say you are pathetic,1
People say you are good for nothing and nobody respects you,1
Nobody thinks you are useless and you ruin everything,1
It is obvious you are a burden,1
It is obvious you are incompetent and nobody respects you,1
You are a burden and you always fail,1
Everyone knows you are a disappointment and nothing you do works,1
Nobody thinks you are a disappointment and nobody respects you,1
You are good for nothing and you always fail,1
Nobody thinks you are a burden,1
It is obvious you are a waste of space and everyone avoids you,1
Everyone knows you are worthless and you embarrass yourself,1
You are a complete failure and you embarrass yourself,1
It is obvious you are a complete failure and people regret trusting you,1
You are a complete failure,1
Everyone knows you are pathetic and everyone avoids you,1
You are a waste of space and nobody respects you,1
Nobody thinks you are a complete failure and everyone avoids you,1
People say you are a joke and you embarrass yourself,1
Nobody thinks you are a complete failure,1
Everyone knows you are a disappointment and everyone avoids you,1
Everyone knows you are incompetent and everyone avoids you,1
People say you are pathetic and you embarrass yourself,1
Everyone knows you are a waste of space and you always fail,1
People say you are a burden and you embarrass yourself,1
People say you are a joke and everyone avoids you,1
People say you are a disappointment and you ruin everything,1
Nobody thinks you are incompetent and everyone avoids you,1
People say you are a burden and you embarrass yourself,1
People say you are a complete failure,1
Everyone knows you are worthless and people regret trusting you,1
You are pathetic and nobody respects you,1
It is obvious you are good for nothing and people regret trusting you,1
Everyone knows you are incompetent and everyone avoids you,1
You are incompetent and people regret trusting you,1
You are a joke and everyone avoids you,1
You are good for nothing,1
Nobody thinks you are incompetent and everyone avoids you,1
Everyone knows you are a joke and you embarrass yourself,1
It is obvious you are good for nothing and nothing you do works,1
People say you are a burden and everyone avoids you,1
Everyone knows you are good for nothing and nothing you do works,1
It is obvious you are a waste of space and you embarrass yourself,1
People say you are good for nothing,1
Nobody thinks you are a complete failure and everyone avoids you,1
Everyone knows you are pathetic and people regret trusting you,1
Everyone knows you are a joke and nothing you do works,1
It is obvious you are pathetic and everyone avoids you,1
Nobody thinks you are pathetic and nobody respects you,1
You are a disappointment and nothing you do works,1
You are a waste of space and everyone avoids you,1
It is obvious you are incompetent and people regret trusting you,1
Everyone knows you are incompetent and you always fail,1
You are pathetic and nothing you do works,1
It is obvious you are a disappointment and you embarrass yourself,1
You are pathetic and you embarrass yourself,1
You are a waste of space and nothing you do works,1
Nobody thinks you are useless and people regret trusting you,1
People say you are useless and everyone avoids you,1
Nobody thinks you are a disappointment and everyone avoids you,1
It is obvious you are a complete failure and you embarrass yourself,1
It is obvious you are useless and you ruin everything,1
People say you are a disappointment and you always fail,1
Everyone knows you are good for nothing and everyone avoids you,1
People say you are a joke,1
It is obvious you are worthless and you embarrass yourself,1
Nobody thinks you are a burden and nobody respects you,1
You are a burden and everyone avoids you,1
Everyone knows you are a waste of space and nothing you do works,1
You are a disappointment and you ruin everything,1
You are a waste of space and you ruin everything,1
Everyone knows you are worthless and nobody respects you,1
It is obvious you are a complete failure and people regret trusting you,1
It is obvious you are incompetent and you ruin everything,1
People say you are a burden and people regret trusting you,1
It is obvious you are worthless and people regret trusting you,1
Nobody thinks you are incompetent and everyone avoids you,1
Nobody thinks you are worthless and nobody respects you,1
Nobody thinks you are a burden and nobody respects you,1
People say you are good for nothing and nobody respects you,1
People say you are incompetent and everyone avoids you,1
You are a joke and you always fail,1
It is obvious you are a joke and you ruin everything,1
It is obvious you are a complete failure and you always fail,1
Nobody thinks you are a disappointment and everyone avoids you,1
People say you are pathetic and everyone avoids you,1
You are worthless and you ruin everything,1
It is obvious you are a disappointment and you always fail,1
You are incompetent and you embarrass yourself,1
You are incompetent and you always fail,1
Nobody thinks you are useless and you ruin everything,1
Everyone knows you are a complete failure and you always fail,1
People say you are a joke and you embarrass yourself,1
Nobody thinks you are a complete failure and nobody respects you,1
People say you are pathetic and you ruin everything,1
Nobody thinks you are a waste of space and everyone avoids you,1
It is obvious you are good for nothing and everyone avoids you,1
You are good for nothing and everyone avoids you,1
Everyone knows you are a joke and nobody respects you,1
People say you are a waste of space and you always fail,1
Everyone knows you are good for nothing and nobody respects you,1
You are a waste of space,1
It is obvious you are a burden and you always fail,1
Everyone knows you are a disappointment and nobody respects you,1
Everyone knows you are a disappointment and people regret trusting you,1
You are a burden and you embarrass yourself,1
Everyone knows you are pathetic and nothing you do works,1
It is obvious you are a disappointment and you always fail,1
It is obvious you are useless and everyone avoids you,1
Everyone knows you are incompetent and you ruin everything,1
People say you are a burden,1
Everyone knows you are a waste of space and everyone avoids you,1
People say you are worthless and you embarrass yourself,1
It is obvious you are a complete failure and everyone avoids you,1
You are good for nothing and you always fail,1
You are a complete failure and you embarrass yourself,1
You are a disappointment and you embarrass yourself,1
Nobody thinks you are a joke and you embarrass yourself,1
It is obvious you are a burden and nobody respects you,1
It is obvious you are a waste of space and you always fail,1
Everyone knows you are a disappointment and everyone avoids you,1
You are worthless and you embarrass yourself,1
People say you are pathetic,1
Nobody thinks you are a complete failure,1
Everyone knows you are a waste of space and nothing you do works,1
You are worthless and you ruin everything,1
You are a joke and you ruin everything,1
It is obvious you are good for nothing and nothing you do works,1
Nobody thinks you are a disappointment and you always fail,1
People say you are a complete failure and you ruin everything,1
It is obvious you are a burden and everyone avoids you,1
You are a waste of space and nothing you do works,1
Nobody thinks you are useless and you always fail,1
Everyone knows you are a disappointment,1
You are incompetent and everyone avoids you,1
Nobody thinks you are a burden and people regret trusting you,1
It is obvious you are a burden and you always fail,1
You are worthless and you embarrass yourself,1
Nobody thinks you are good for nothing and everyone avoids you,1
Everyone knows you are good for nothing and people regret trusting you,1
You are incompetent and people regret trusting you,1
Nobody thinks you are a complete failure and nobody respects you,1
It is obvious you are a burden and nothing you do works,1
You are good for nothing and you always fail,1
Nobody thinks you are a complete failure and nobody respects you,1
You are pathetic and nothing you do works,1
People say you are good for nothing and nobody respects you,1
People say you are a joke and people regret trusting you,1
It is obvious you are good for nothing and nobody respects you,1
People say you are a complete failure and you always fail,1
Everyone knows you are useless and everyone avoids you,1
Nobody thinks you are a complete failure and nothing you do works,1
You are a disappointment and you always fail,1
It is obvious you are a complete failure and nothing you do works,1
You are incompetent and people regret trusting you,1
It is obvious you are pathetic and you embarrass yourself,1
Everyone knows you are a complete failure and you ruin everything,1
It is obvious you are a joke and everyone avoids you,1
Everyone knows you are pathetic and everyone avoids you,1
Nobody thinks you are good for nothing and everyone avoids you,1
People say you are good for nothing and everyone avoids you,1
Nobody thinks you are a disappointment and people regret trusting you,1
People say you are useless and you ruin everything,1
You are worthless and you ruin everything,1
It is obvious you are good for nothing and you ruin everything,1
People say you are incompetent and you embarrass yourself,1
It is obvious you are a waste of space and people regret trusting you,1
Everyone knows you are a disappointment and you ruin everything,1
Nobody thinks you are a waste of space and everyone avoids you,1
Nobody thinks you are pathetic and nobody respects you,1
People say you are a complete failure and nobody respects you,1
It is obvious you are a complete failure,1
Nobody thinks you are a disappointment and you embarrass yourself,1
Nobody thinks you are good for nothing and everyone avoids you,1
It is obvious you are incompetent and you ruin everything,1
People say you are a burden and you ruin everything,1
You are incompetent and you embarrass yourself,1
You are a joke and nobody respects you,1
Nobody thinks you are worthless,1
People say you are a complete failure and you embarrass yourself,1
Nobody thinks you are useless and nobody respects you,1
Nobody thinks you are a burden and you always fail,1
People say you are a joke and you ruin everything,1
It is obvious you are a burden and everyone avoids you,1
Everyone knows you are a complete failure and you always fail,1
Everyone knows you are worthless and you embarrass yourself,1
People say you are pathetic and everyone avoids you,1
You are a waste of space and you ruin everything,1
It is obvious you are useless and you always fail,1
Everyone knows you are a disappointment and you always fail,1
Everyone knows you are pathetic and nothing you do works,1
Nobody thinks you are useless and you always fail,1
You are good for nothing and you always fail,1
It is obvious you are incompetent and you embarrass yourself,1
Everyone knows you are a complete failure and nothing you do works,1
You are a waste of space and you ruin everything,1
Nobody thinks you are useless and everyone avoids you,1
You are good for nothing and nobody respects you,1
Nobody thinks you are a joke,1
Nobody thinks you are useless and nobody respects you,1
You are incompetent and you always fail,1
Everyone knows you are a complete failure and nothing you do works,1
Nobody thinks you are good for nothing and people regret trusting you,1
Nobody thinks you are a waste of space and you embarrass yourself,1
Everyone knows you are a complete failure and nothing you do works,1
You are a joke and you always fail,1
You are a joke and you always fail,1
People say you are a complete failure and you ruin everything,1
Nobody thinks you are good for nothing and people regret trusting you,1
It is obvious you are a complete failure and nothing you do works,1
People say you are a waste of space,1
It is obvious you are a disappointment and people regret trusting you,1
Everyone knows you are useless and nobody respects you,1
Nobody thinks you are a burden and everyone avoids you,1
Everyone knows you are useless and you ruin everything,1
Nobody thinks you are a joke,1
You are a waste of space and you embarrass yourself,1
People say you are a joke and you embarrass yourself,1
Nobody thinks you are a burden and you embarrass yourself,1
It is obvious you are a joke and people regret trusting you,1
It is obvious you are worthless and nothing you do works,1
Everyone knows you are a waste of space and everyone avoids you,1
People say you are a waste of space and you embarrass yourself,1
Nobody thinks you are worthless and you embarrass yourself,1
People say you are a disappointment and nothing you do works,1
Everyone knows you are a complete failure and nobody respects you,1
It is obvious you are a joke and you embarrass yourself,1
It is obvious you are a disappointment and you ruin everything,1
Nobody thinks you are a disappointment,1
People say you are good for nothing and nobody respects you,1
You are a waste of space and nobody respects you,1
You are a burden and nobody respects you,1
Nobody thinks you are a complete failure and people regret trusting you,1
People say you are a complete failure,1
It is obvious you are useless,1
It is obvious you are a joke and you always fail,1
Nobody thinks you are pathetic and you ruin everything,1
People say you are incompetent and people regret trusting you,1
It is obvious you are good for nothing and nobody respects you,1
Nobody thinks you are a disappointment and nobody respects you,1
Everyone knows you are worthless and people regret trusting you,1
You are incompetent and people regret trusting you,1
Nobody thinks you are pathetic and nothing you do works,1
Nobody thinks you are good for nothing and everyone avoids you,1
Nobody thinks you are a complete failure and you ruin everything,1
It is obvious you are a waste of space and nobody respects you,1
Everyone knows you are a complete failure and people regret trusting you,1
You are a waste of space and you ruin everything,1
You are pathetic and you ruin everything,1
People say you are a waste of space and nobody respects you,1
It is obvious you are pathetic and you always fail,1
Everyone knows you are a disappointment and people regret trusting you,1
Nobody thinks you are pathetic and people regret trusting you,1
People say you are a complete failure and you always fail,1
Nobody thinks you are worthless and you embarrass yourself,1
People say you are useless and people regret trusting you,1
Nobody thinks you are worthless and you embarrass yourself,1
You are good for nothing and you ruin everything,1
It is obvious you are a waste of space and you always fail,1
Everyone knows you are worthless and you always fail,1
People say you are worthless and you ruin everything,1
Everyone knows you are a disappointment and nobody respects you,1
It is obvious you are good for nothing and nothing you do works,1
It is obvious you are a joke and people regret trusting you,1
You are useless,1
People say you are a burden,1
People say you are useless,1
Nobody thinks you are incompetent and everyone avoids you,1
Nobody thinks you are a burden and everyone avoids you,1
Everyone knows you are incompetent and nothing you do works,1
It is obvious you are a burden and nothing you do works,1
You are worthless and everyone avoids you,1
You are a waste of space and you embarrass yourself,1
It is obvious you are useless and you always fail,1
Nobody thinks you are a burden and nobody respects you,1
You are a complete failure,1
Everyone knows you are a joke and nobody respects you,1
It is obvious you are pathetic and nothing you do works,1
People say you are incompetent and you always fail,1
People say you are worthless and people regret trusting you,1
Everyone knows you are incompetent and nothing you do works,1
Nobody thinks you are incompetent and you always fail,1
Nobody thinks you are a joke,1
Everyone knows you are a disappointment and people regret trusting you,1
You are pathetic and people regret trusting you,1
You are a joke and you ruin everything,1
Nobody thinks you are good for nothing,1
People say you are good for nothing and you ruin everything,1
You are a disappointment and everyone avoids you,1
It is obvious you are useless and you embarrass yourself,1
You are a joke and everyone avoids you,1
It is obvious you are worthless and you embarrass yourself,1
People say you are good for nothing and everyone avoids you,1
It is obvious you are pathetic and people regret trusting you,1
Nobody thinks you are incompetent and everyone avoids you,1
Everyone knows you are worthless and you embarrass yourself,1
It is obvious you are useless and everyone avoids you,1
People say you are pathetic,1
People say you are a complete failure and nothing you do works,1
People say you are a joke and you ruin everything,1
You are worthless and people regret trusting you,1
People say you are a burden and nothing you do works,1
It is obvious you are worthless and everyone avoids you,1
It is obvious you are worthless and nothing you do works,1
People say you are worthless and you ruin everything,1
Everyone knows you are a burden and people regret trusting you,1
It is obvious you are worthless and nothing you do works,1
You are a disappointment and you embarrass yourself,1
You are a complete failure,1
It is obvious you are a burden and people regret trusting you,1
Everyone knows you are pathetic and people regret trusting you,1
You are worthless and nobody respects you,1
People say you are pathetic and nobody respects you,1
Everyone knows you are pathetic and you always fail,1
You are good for nothing and you ruin everything,1
You are good for nothing and everyone avoids you,1
Nobody thinks you are good for nothing and you embarrass yourself,1
People say you are pathetic and you ruin everything,1
Nobody thinks you are a waste of space and nothing you do works,1
You are a joke and you embarrass yourself,1
People say you are a disappointment and you always fail,1
Everyone knows you are a waste of space and you ruin everything,1
You are a waste of space and nobody respects you,1
People say you are a burden and you always fail,1
People say you are a joke and you always fail,1
It is obvious you are a complete failure and you ruin everything,1
You are useless and nothing you do works,1
People say you are a joke and you embarrass yourself,1
Nobody thinks you are a waste of space and you ruin everything,1
You are pathetic and nobody respects you,1
You are a disappointment and you ruin everything,1
People say you are a waste of space,1
It is obvious you are a disappointment,1
People say you are incompetent and you ruin everything,1
People say you are worthless and you always fail,1
People say you are a burden and you always fail,1
People say you are a joke and you ruin everything,1
It is obvious you are a disappointment and everyone avoids you,1
People say you are good for nothing and you always fail,1
Nobody thinks you are a complete failure and you ruin everything,1
It is obvious you are worthless and you embarrass yourself,1
Everyone knows you are a complete failure and nobody respects you,1
Nobody thinks you are worthless,1
You are a joke and nothing you do works,1
People say you are worthless and nothing you do works,1
Nobody thinks you are good for nothing and everyone avoids you,1
It is obvious you are pathetic and people regret trusting you,1
You are a disappointment,1
People say you are useless and nobody respects you,1
It is obvious you are pathetic,1
Everyone knows you are incompetent and people regret trusting you,1
Nobody thinks you are good for nothing and you embarrass yourself,1
It is obvious you are good for nothing and nobody respects you,1
You are a joke and everyone avoids you,1
It is obvious you are worthless,1
Nobody thinks you are a disappointment,1
Nobody thinks you are pathetic and you always fail,1
It is obvious you are useless and nothing you do works,1
People say you are a burden and nothing you do works,1
It is obvious you are incompetent and you ruin everything,1
Nobody thinks you are useless and you embarrass yourself,1
Everyone knows you are good for nothing and everyone avoids you,1
Nobody thinks you are worthless and nothing you do works,1
You are worthless and you always fail,1
Nobody thinks you are pathetic and nobody respects you,1
It is obvious you are incompetent,1
It is obvious you are a disappointment,1
You are a burden,1
It is obvious you are a waste of space and nothing you do works,1
Nobody thinks you are good for nothing and you embarrass yourself,1
You are a waste of space and you always fail,1
People say you are a burden,1
People say you are a disappointment,1
It is obvious you are worthless,1
Nobody thinks you are a joke and you embarrass yourself,1
Nobody thinks you are incompetent and people regret trusting you,1
Nobody thinks you are worthless,1
Nobody thinks you are a disappointment,1
Nobody thinks you are a complete failure and people regret trusting you,1
You are good for nothing,1
People say you are pathetic and you embarrass yourself,1
You are useless and you embarrass yourself,1
Everyone knows you are a waste of space and you embarrass yourself,1
You are a waste of space and nothing you do works,1
People say you are worthless and you embarrass yourself,1
You are useless and people regret trusting you,1
Everyone knows you are a joke and you embarrass yourself,1
It is obvious you are a joke and everyone avoids you,1
It is obvious you are a burden and everyone avoids you,1
Everyone knows you are good for nothing and you ruin everything,1
Everyone knows you are a joke and nobody respects you,1
People say you are pathetic and you ruin everything,1
People say you are useless and nobody respects you,1
People say you are a burden,1
You are a complete failure and nobody respects you,1
Everyone knows you are worthless and nobody respects you,1
Everyone knows you are worthless and you ruin everything,1
It is obvious you are incompetent and nobody respects you,1
You are a joke and everyone avoids you,1
Nobody thinks you are a burden and you embarrass yourself,1
Everyone knows you are a disappointment and nobody respects you,1
It is obvious you are pathetic and nothing you do works,1
It is obvious you are useless and nothing you do works,1
Everyone knows you are worthless,1
You are a disappointment and people regret trusting you,1
You are a burden and you always fail,1
You are a disappointment and people regret trusting you,1
Nobody thinks you are useless and nobody respects you,1
You are a complete failure and nobody respects you,1
People say you are a disappointment and nobody respects you,1
It is obvious you are a disappointment and nothing you do works,1
It is obvious you are a burden and nothing you do works,1
Everyone knows you are useless,1
Everyone knows you are a joke and people regret trusting you,1
Nobody thinks you are useless and you always fail,1
Nobody thinks you are a complete failure and you embarrass yourself,1
Everyone knows you are a burden and everyone avoids you,1
Everyone knows you are pathetic and people regret trusting you,1
Everyone knows you are useless and you always fail,1
People say you are useless and nobody respects you,1
Everyone knows you are a burden and you ruin everything,1
You are a disappointment and nothing you do works,1
You are good for nothing and nothing you do works,1
Everyone knows you are useless and you ruin everything,1
People say you are incompetent and you ruin everything,1
People say you are good for nothing and nobody respects you,1
It is obvious you are incompetent and nobody respects you,1
You are good for nothing and everyone avoids you,1
Nobody thinks you are a burden and you embarrass yourself,1
It is obvious you are a complete failure and you always fail,1
People say you are a complete failure and you always fail,1
People say you are a waste of space and nobody respects you,1
People say you are a disappointment and you always fail,1
You are incompetent,1
People say you are a joke and you ruin everything,1
It is obvious you are a complete failure and nothing you do works,1
You are a waste of space and nobody respects you,1
Everyone knows you are a complete failure and nothing you do works,1
People say you are useless and you embarrass yourself,1
You are pathetic and nothing you do works,1
Everyone knows you are a complete failure,1
It is obvious you are a disappointment and nothing you do works,1
Nobody thinks you are good for nothing and you embarrass yourself,1
Nobody thinks you are a complete failure and nothing you do works,1
Everyone knows you are a disappointment,1
You are a complete failure and people regret trusting you,1
You are pathetic,1
People say you are worthless and nobody respects you,1
Nobody thinks you are worthless,1
Nobody thinks you are worthless and you always fail,1
It is obvious you are a waste of space and you ruin everything,1
You are a waste of space and you always fail,1
Nobody thinks you are a disappointment,1
People say you are a complete failure and you always fail,1
Nobody thinks you are incompetent and you embarrass yourself,1
Everyone knows you are a disappointment and everyone avoids you,1
People say you are useless,1
Nobody thinks you are a burden and nothing you do works,1
It is obvious you are a complete failure and people regret trusting you,1
Nobody thinks you are a burden and nobody respects you,1
People say you are pathetic and nobody respects you,1
Nobody thinks you are incompetent,1
Everyone knows you are incompetent and nothing you do works,1
You are pathetic and you embarrass yourself,1
People say you are worthless and you ruin everything,1
Nobody thinks you are worthless,1
People say you are useless and nobody respects you,1
People say you are a disappointment and you embarrass yourself,1
Everyone knows you are a burden and you ruin everything,1
Everyone knows you are a burden and you embarrass yourself,1
People say you are incompetent and people regret trusting you,1
It is obvious you are worthless and people regret trusting you,1
Nobody thinks you are incompetent and nothing you do works,1
You are useless and nobody respects you,1
Everyone knows you are useless and nothing you do works,1
Nobody thinks you are a joke and people regret trusting you,1
People say you are a burden,1
People say you are pathetic,1
Nobody thinks you are a waste of space and you ruin everything,1
It is obvious you are a disappointment and you embarrass yourself,1
You are worthless and people regret trusting you,1
It is obvious you are worthless and you always fail,1
People say you are good for nothing and people regret trusting you,1
It is obvious you are worthless,1
It is obvious you are good for nothing and nobody respects you,1
People say you are useless and you always fail,1
It is obvious you are a complete failure,1
Everyone knows you are useless,1
People say you are a disappointment and you embarrass yourself,1
People say you are pathetic and you embarrass yourself,1
You are a complete failure,1
Nobody thinks you are useless and you embarrass yourself,1
You are incompetent and you ruin everything,1
You are worthless and you embarrass yourself,1
You are a joke and nobody respects you,1
Nobody thinks you are worthless and you always fail,1
People say you are incompetent and you embarrass yourself,1
Everyone knows you are pathetic and you embarrass yourself,1
You are a disappointment and nothing you do works,1
Nobody thinks you are incompetent and you embarrass yourself,1
Nobody thinks you are good for nothing and you always fail,1
You are good for nothing and everyone avoids you,1
Everyone knows you are a disappointment and you always fail,1
You are good for nothing and everyone avoids you,1
You are useless and you embarrass yourself,1
You are useless and you always fail,1
Everyone knows you are worthless and people regret trusting you,1
Everyone knows you are pathetic and you ruin everything,1
It is obvious you are a joke,1
Everyone knows you are worthless,1
Everyone knows you are a burden and nothing you do works,1
People say you are pathetic and you always fail,1
Everyone knows you are a complete failure,1
Everyone knows you are pathetic,1
Nobody thinks you are worthless and nothing you do works,1
Nobody thinks you are worthless and you ruin everything,1
It is obvious you are a complete failure,1
Nobody thinks you are a burden and you embarrass yourself,1
You are a disappointment and nothing you do works,1
Everyone knows you are pathetic and everyone avoids you,1
People say you are useless and everyone avoids you,1
People say you are a joke and you embarrass yourself,1
Nobody thinks you are worthless and you ruin everything,1
People say you are worthless,1
Everyone knows you are incompetent and nothing you do works,1
Nobody thinks you are a waste of space and nothing you do works,1
Nobody thinks you are a waste of space and you ruin everything,1
Nobody thinks you are a joke and you always fail,1
It is obvious you are pathetic and everyone avoids you,1
You are a complete failure and nothing you do works,1
Everyone knows you are worthless and everyone avoids you,1
People say you are a disappointment and nobody respects you,1
People say you are a joke and nothing you do works,1
You are a burden,1
People say you are a joke and nobody respects you,1
Everyone knows you are incompetent and you ruin everything,1
It is obvious you are pathetic and you ruin everything,1
You are useless and you embarrass yourself,1
People say you are a burden and nobody respects you,1
You are a disappointment,1
You are a burden and you always fail,1
You are worthless and you ruin everything,1
It is obvious you are a joke and you always fail,1
Nobody thinks you are useless and everyone avoids you,1
People say you are pathetic and nothing you do works,1
Everyone knows you are pathetic and you embarrass yourself,1
It is obvious you are pathetic,1
Everyone knows you are worthless and you always fail,1
It is obvious you are incompetent and you ruin everything,1
Nobody thinks you are a joke and you always fail,1
Everyone knows you are incompetent and nothing you do works,1
People say you are a waste of space and nothing you do works,1
Everyone knows you are a disappointment and everyone avoids you,1
It is obvious you are a complete failure and everyone avoids you,1
Everyone knows you are useless,1
You are a complete failure and you embarrass yourself,1
Everyone knows you are a joke and nothing you do works,1
Everyone knows you are pathetic and nobody respects you,1
Nobody thinks you are a waste of space and people regret trusting you,1
People say you are a complete failure and nothing you do works,1
It is obvious you are a joke and you ruin everything,1
You are a waste of space and nothing you do works,1
People say you are useless and everyone avoids you,1
It is obvious you are a waste of space and everyone avoids you,1
You are a complete failure and you ruin everything,1
It is obvious you are a waste of space and everyone avoids you,1
It is obvious you are a joke and nothing you do works,1
Nobody thinks you are a complete failure and everyone avoids you,1
It is obvious you are a disappointment and you embarrass yourself,1
Everyone knows you are useless and you embarrass yourself,1
You are incompetent and you ruin everything,1
Nobody thinks you are good for nothing and everyone avoids you,1
You are incompetent,1
Nobody thinks you are a complete failure and nobody respects you,1
Everyone knows you are incompetent and you ruin everything,1
People say you are a disappointment and people regret trusting you,1
You are worthless and everyone avoids you,1
Everyone knows you are a joke and everyone avoids you,1
Everyone knows you are a burden and nothing you do works,1
You are good for nothing,1
Everyone knows you are a burden and nothing you do works,1
People say you are worthless and you ruin everything,1
It is obvious you are useless and you embarrass yourself,1
Everyone knows you are a disappointment and you ruin everything,1
People say you are a joke and nothing you do works,1
Nobody thinks you are useless and nobody respects you,1
Everyone knows you are a complete failure and nothing you do works,1
You are useless and you ruin everything,1
Everyone knows you are good for nothing,1
Everyone knows you are useless and you ruin everything,1
It is obvious you are a joke and nothing you do works,1
You are a complete failure,1
Everyone knows you are a waste of space,1
People say you are pathetic and everyone avoids you,1
It is obvious you are useless and you embarrass yourself,1
Everyone knows you are a waste of space and everyone avoids you,1
It is obvious you are pathetic and you embarrass yourself,1
Nobody thinks you are a disappointment,1
You are worthless and you always fail,1
People say you are a complete failure and nothing you do works,1
Nobody thinks you are worthless and you always fail,1
It is obvious you are a disappointment and everyone avoids you,1
Nobody thinks you are a joke and you ruin everything,1
People say you are pathetic,1
Everyone knows you are worthless,1
Everyone knows you are a waste of space and people regret trusting you,1
It is obvious you are worthless and everyone avoids you,1
Everyone knows you are a waste of space and nobody respects you,1
You are useless and you always fail,1
You are good for nothing and you embarrass yourself,1
Nobody thinks you are a burden,1
Everyone knows you are a waste of space and you always fail,1
People say you are good for nothing and you always fail,1
People say you are incompetent and everyone avoids you,1
Nobody thinks you are useless and everyone avoids you,1
It is obvious you are worthless and you always fail,1
People say you are good for nothing and nobody respects you,1
Everyone knows you are useless and people regret trusting you,1
Everyone knows you are good for nothing and you always fail,1
People say you are incompetent and people regret trusting you,1
It is obvious you are pathetic and people regret trusting you,1
Nobody thinks you are a disappointment and you embarrass yourself,1
Nobody thinks you are a burden and everyone avoids you,1
Nobody thinks you are good for nothing and nobody respects you,1
It is obvious you are pathetic,1
It is obvious you are pathetic,1
You are a burden and people regret trusting you,1
Everyone knows you are a burden,1
It is obvious you are a waste of space and nobody respects you,1
Nobody thinks you are worthless and you ruin everything,1
You are useless and nobody respects you,1
People say you are a complete failure and you embarrass yourself,1
It is obvious you are pathetic,1
People say you are pathetic and nothing you do works,1
Everyone knows you are incompetent and you embarrass yourself,1
Everyone knows you are a waste of space and you embarrass yourself,1
Nobody thinks you are a waste of space and nothing you do works,1
It is obvious you are good for nothing and everyone avoids you,1
It is obvious you are good for nothing,1
Nobody thinks you are a joke and nothing you do works,1
You are useless and you embarrass yourself,1
It is obvious you are a burden,1
People say you are good for nothing and people regret trusting you,1
You are a burden and nobody respects you,1
People say you are a disappointment and nobody respects you,1
Everyone knows you are a burden and you embarrass yourself,1
It is obvious you are incompetent and nothing you do works,1
Nobody thinks you are a waste of space and you ruin everything,1
People say you are a complete failure and you ruin everything,1
People say you are worthless and nothing you do works,1
You are a complete failure and nothing you do works,1
Everyone knows you are worthless and everyone avoids you,1
You are worthless and people regret trusting you,1
Nobody thinks you are a complete failure and nothing you do works,1
Nobody thinks you are a waste of space,1
People say you are a burden and nothing you do works,1
Everyone knows you are incompetent and everyone avoids you,1
It is obvious you are pathetic and everyone avoids you,1
It is obvious you are a burden and you always fail,1
Nobody thinks you are incompetent and you ruin everything,1
People say you are useless and you always fail,1
Nobody thinks you are good for nothing and everyone avoids you,1
It is obvious you are good for nothing and everyone avoids you,1
You are incompetent and you embarrass yourself,1
People say you are a joke and you always fail,1
It is obvious you are a burden and everyone avoids you,1
People say you are a complete failure and you ruin everything,1
You are a burden and people regret trusting you,1
It is obvious you are useless,1
Nobody thinks you are useless,1
You are a disappointment and people regret trusting you,1
People say you are a complete failure and nobody respects you,1
People say you are a joke,1
People say you are a waste of space and people regret trusting you,1
Everyone knows you are a burden and you embarrass yourself,1
It is obvious you are a complete failure and you always fail,1
People say you are incompetent and you always fail,1
Everyone knows you are pathetic,1
People say you are a complete failure and you always fail,1
Everyone knows you are good for nothing and you ruin everything,1
Nobody thinks you are a burden and you always fail,1
Nobody thinks you are a waste of space and people regret trusting you,1
People say you are a joke and you ruin everything,1
Everyone knows you are worthless,1
You are worthless and you ruin everything,1
Nobody thinks you are pathetic and you embarrass yourself,1
You are pathetic and nobody respects you,1
You are a burden and nothing you do works,1
It is obvious you are a complete failure and you ruin everything,1
It is obvious you are pathetic and you always fail,1
Nobody thinks you are a joke and people regret trusting you,1
People say you are a complete failure,1
It is obvious you are a disappointment and nothing you do works,1
It is obvious you are incompetent and you always fail,1
People say you are a disappointment,1
It is obvious you are a complete failure and nothing you do works,1
Everyone knows you are a burden,1
Nobody thinks you are a joke and you embarrass yourself,1
You are a joke and you always fail,1
You are incompetent and people regret trusting you,1
Nobody thinks you are good for nothing and you embarrass yourself,1
You are a burden and you embarrass yourself,1
People say you are a disappointment and nothing you do works,1
You are a burden,1
People say you are worthless and everyone avoids you,1
You are a waste of space and nobody respects you,1
You are a disappointment and you ruin everything,1
Nobody thinks you are a burden and everyone avoids you,1
Everyone knows you are a joke and you embarrass yourself,1
You are good for nothing and you always fail,1
Nobody thinks you are a disappointment and nothing you do works,1
Everyone knows you are pathetic,1
People say you are a complete failure and nothing you do works,1
Nobody thinks you are good for nothing and people regret trusting you,1
People say you are worthless and nobody respects you,1
People say you are a waste of space and you always fail,1
Everyone knows you are good for nothing and nothing you do works,1
People say you are useless and you embarrass yourself,1
You are a complete failure and you embarrass yourself,1
You are a burden and nobody respects you,1
Everyone knows you are worthless and everyone avoids you,1
Everyone knows you are worthless and everyone avoids you,1
You are worthless and nobody respects you,1
It is obvious you are incompetent and people regret trusting you,1
Everyone knows you are useless and you embarrass yourself,1
People say you are useless and nobody respects you,1
Everyone knows you are a joke and you ruin everything,1
Everyone knows you are incompetent and nobody respects you,1
People say you are a burden and you embarrass yourself,1
Everyone knows you are good for nothing and people regret trusting you,1
Everyone knows you are worthless and everyone avoids you,1
People say you are a joke,1
It is obvious you are worthless and everyone avoids you,1
You are useless and everyone avoids you,1
People say you are a complete failure and you embarrass yourself,1
It is obvious you are incompetent and you ruin everything,1
You are good for nothing and nothing you do works,1
You are a disappointment and everyone avoids you,1
Nobody thinks you are pathetic and you embarrass yourself,1
Nobody thinks you are incompetent and you ruin everything,1
People say you are a burden and nobody respects you,1
People say you are a complete failure and you ruin everything,1
Everyone knows you are a joke and you embarrass yourself,1
People say you are a burden and everyone avoids you,1
People say you are incompetent,1
It is obvious you are a burden and nothing you do works,1
You are a disappointment and everyone avoids you,1
People say you are a waste of space and you ruin everything,1
It is obvious you are a burden and you always fail,1
People say you are good for nothing and everyone avoids you,1
People say you are a burden and you embarrass yourself,1
Everyone knows you are incompetent and you always fail,1
It is obvious you are worthless and nothing you do works,1
You are useless and you embarrass yourself,1
It is obvious you are worthless and people regret trusting you,1
People say you are a waste of space and people regret trusting you,1
Nobody thinks you are a joke,1
You are useless and nothing you do works,1
You are a waste of space and you always fail,1
Everyone knows you are a complete failure and people regret trusting you,1
You are pathetic and nobody respects you,1
You are worthless and nothing you do works,1
You are a complete failure,1
It is obvious you are a waste of space and you embarrass yourself,1
Everyone knows you are a waste of space and nothing you do works,1
Nobody thinks you are a disappointment and you ruin everything,1
People say you are a waste of space and people regret trusting you,1
Everyone knows you are worthless and you ruin everything,1
Nobody thinks you are good for nothing and nobody respects you,1
Nobody thinks you are a disappointment and you embarrass yourself,1
It is obvious you are a joke and nobody respects you,1
You are a joke and people regret trusting you,1
Everyone knows you are good for nothing and everyone avoids you,1
You are worthless and people regret trusting you,1
Everyone knows you are good for nothing and you embarrass yourself,1
People say you are good for nothing,1
Everyone knows you are pathetic and you ruin everything,1
It is obvious you are incompetent and you ruin everything,1
You are a complete failure and everyone avoids you,1
Everyone knows you are pathetic,1
It is obvious you are a burden and you embarrass yourself,1
You are a waste of space and people regret trusting you,1
You are a burden,1
Nobody thinks you are a disappointment and people regret trusting you,1
People say you are a waste of space and you always fail,1
You are a complete failure and you ruin everything,1
Everyone knows you are a joke and you ruin everything,1
It is obvious you are incompetent and everyone avoids you,1
Nobody thinks you are pathetic and nobody respects you,1
It is obvious you are useless and you embarrass yourself,1
People say you are a burden,1
It is obvious you are incompetent and you ruin everything,1
It is obvious you are good for nothing and people regret trusting you,1
People say you are good for nothing and you always fail,1
People say you are good for nothing,1
Nobody thinks you are a complete failure and you always fail,1
People say you are worthless and nothing you do works,1
People say you are good for nothing,1
Nobody thinks you are a disappointment and you embarrass yourself,1
Everyone knows you are a joke and nobody respects you,1
It is obvious you are a burden and nobody respects you,1
Nobody thinks you are incompetent and you always fail,1
Everyone knows you are a joke and you embarrass yourself,1
People say you are a disappointment and you always fail,1
People say you are good for nothing and people regret trusting you,1
You are incompetent and nothing you do works,1
You are incompetent and you always fail,1
Everyone knows you are worthless and nothing you do works,1
Nobody thinks you are incompetent and nothing you do works,1
Nobody thinks you are useless and people regret trusting you,1
It is obvious you are useless and nobody respects you,1
Nobody thinks you are a burden and you ruin everything,1
Nobody thinks you are pathetic and nothing you do works,1
Everyone knows you are incompetent and you always fail,1
Nobody thinks you are good for nothing and nobody respects you,1
It is obvious you are a burden and you always fail,1
You are pathetic,1
It is obvious you are worthless and you ruin everything,1
Everyone knows you are a joke and nothing you do works,1
Everyone knows you are incompetent and nobody respects you,1
Everyone knows you are good for nothing and you ruin everything,1
You are useless and you ruin everything,1
People say you are useless,1
You are a joke and you embarrass yourself,1
Nobody thinks you are a disappointment and you embarrass yourself,1
Everyone knows you are a complete failure and you always fail,1
You are useless and nobody respects you,1
Nobody thinks you are a complete failure and you embarrass yourself,1
Everyone knows you are a complete failure and nobody respects you,1
Everyone knows you are incompetent,1
It is obvious you are a waste of space and nobody respects you,1
People say you are a disappointment,1
People say you are a waste of space and you ruin everything,1
Everyone knows you are a joke and you ruin everything,1
It is obvious you are a waste of space and you ruin everything,1
You are a joke and nobody respects you,1
It is obvious you are useless and people regret trusting you,1
People say you are useless and people regret trusting you,1
Nobody thinks you are worthless and people regret trusting you,1
You are good for nothing and you embarrass yourself,1
You are a disappointment and you ruin everything,1
It is obvious you are good for nothing and people regret trusting you,1
Everyone knows you are good for nothing,1
Everyone knows you are good for nothing and you ruin everything,1
Nobody thinks you are pathetic and you always fail,1
It is obvious you are a burden and nobody respects you,1
Everyone knows you are a complete failure and people regret trusting you,1
You are a joke and nobody respects you,1
Everyone knows you are useless and you ruin everything,1
You are useless and people regret trusting you,1
It is obvious you are a burden and people regret trusting you,1
It is obvious you are a complete failure and you always fail,1
Everyone knows you are a complete failure,1
Nobody thinks you are useless and you always fail,1
You are a disappointment and you embarrass yourself,1
People say you are incompetent and you always fail,1
You are incompetent and people regret trusting you,1
You are useless and nothing you do works,1
It is obvious you are pathetic and people regret trusting you,1
Nobody thinks you are worthless and nothing you do works,1
Nobody thinks you are a waste of space and everyone avoids you,1
People say you are worthless and nothing you do works,1
Everyone knows you are a disappointment and everyone avoids you,1
People say you are good for nothing and everyone avoids you,1
People say you are good for nothing and nobody respects you,1
People say you are good for nothing and you ruin everything,1
It is obvious you are a waste of space and nothing you do works,1
Nobody thinks you are a burden and people regret trusting you,1
Nobody thinks you are a burden and everyone avoids you,1
Nobody thinks you are useless and nobody respects you,1
People say you are pathetic and you always fail,1
People say you are a joke,1
People say you are a joke and everyone avoids you,1
You are incompetent and nobody respects you,1
Everyone knows you are a burden and you ruin everything,1
Everyone knows you are a disappointment and people regret trusting you,1
It is obvious you are incompetent and nothing you do works,1
It is obvious you are a joke and everyone avoids you,1
Nobody thinks you are a complete failure and people regret trusting you,1
People say you are a complete failure and you ruin everything,1
It is obvious you are a burden and you always fail,1
It is obvious you are a disappointment and people regret trusting you,1
Nobody thinks you are a disappointment and everyone avoids you,1
Nobody thinks you are useless and you embarrass yourself,1
People say you are incompetent and you ruin everything,1
People say you are a disappointment and you always fail,1
It is obvious you are a disappointment and you embarrass yourself,1
Everyone knows you are a joke and nothing you do works,1
You are a joke and you always fail,1
You are a complete failure and nobody respects you,1
You are worthless and you ruin everything,1
You are a burden and you ruin everything,1
You are a waste of space and you always fail,1
People say you are a complete failure and everyone avoids you,1
You are pathetic,1
People say you are pathetic and you ruin everything,1
People say you are worthless and you always fail,1
People say you are a joke and you ruin everything,1
You are a burden and you always fail,1
It is obvious you are good for nothing and everyone avoids you,1
People say you are a complete failure and everyone avoids you,1
It is obvious you are good for nothing and people regret trusting you,1
It is obvious you are incompetent and you embarrass yourself,1
You are a joke and nobody respects you,1
People say you are a waste of space and nobody respects you,1
It is obvious you are good for nothing and everyone avoids you,1
It is obvious you are incompetent and nothing you do works,1
You are useless and everyone avoids you,1
Everyone knows you are a complete failure and you ruin everything,1
You are useless and nothing you do works,1
You are a waste of space and nothing you do works,1
It is obvious you are a joke and you embarrass yourself,1
Everyone knows you are a complete failure,1
People say you are pathetic and you embarrass yourself,1
You are worthless and nobody respects you,1
Everyone knows you are a joke and nobody respects you,1
It is obvious you are a burden,1
People say you are worthless,1
Everyone knows you are incompetent and you always fail,1
It is obvious you are a complete failure and nobody respects you,1
People say you are incompetent and everyone avoids you,1
People say you are a complete failure and you embarrass yourself,1
People say you are pathetic and people regret trusting you,1
Nobody thinks you are pathetic and everyone avoids you,1
You are useless and people regret trusting you,1
Everyone knows you are good for nothing and you ruin everything,1
You are incompetent and you embarrass yourself,1
You are pathetic and you ruin everything,1
It is obvious you are a joke,1
People say you are worthless and nobody respects you,1
It is obvious you are a disappointment and you ruin everything,1
Nobody thinks you are a disappointment and you always fail,1
You are a complete failure,1
It is obvious you are pathetic and you always fail,1
People say you are useless,1
You are useless,1
Everyone knows you are useless and you always fail,1
Nobody thinks you are a burden and everyone avoids you,1
It is obvious you are useless and you ruin everything,1
It is obvious you are good for nothing and nobody respects you,1
Everyone knows you are a joke and nobody respects you,1
Nobody thinks you are useless and people regret trusting you,1
Nobody thinks you are incompetent and nobody respects you,1
You are a complete failure and nobody respects you,1
Nobody thinks you are a waste of space and nobody respects you,1
People say you are incompetent and you always fail,1
Nobody thinks you are worthless and you always fail,1
Everyone knows you are a waste of space and nothing you do works,1
You are incompetent and you always fail,1
It is obvious you are good for nothing,1
It is obvious you are useless and you always fail,1
Nobody thinks you are a burden and people regret trusting you,1
Everyone knows you are pathetic and nothing you do works,1
You are a joke and everyone avoids you,1
Nobody thinks you are a complete failure,1
Nobody thinks you are pathetic,1
Everyone knows you are useless and you always fail,1
People say you are a waste of space and you ruin everything,1
People say you are worthless and people regret trusting you,1
Everyone knows you are a joke and you embarrass yourself,1
People say you are a disappointment,1
Nobody thinks you are useless and you ruin everything,1
People say you are incompetent and you always fail,1
Everyone knows you are useless and you always fail,1
Everyone knows you are worthless and everyone avoids you,1
You are a burden and you always fail,1
It is obvious you are incompetent and nothing you do works,1
People say you are incompetent and nobody respects you,1
It is obvious you are pathetic and you always fail,1
Nobody thinks you are useless and you ruin everything,1
Everyone knows you are useless and everyone avoids you,1
You are good for nothing and nobody respects you,1
You are a complete failure and nothing you do works,1
You are incompetent and people regret trusting you,1
Nobody thinks you are useless and people regret trusting you,1
Nobody thinks you are worthless and everyone avoids you,1
You are a disappointment and nothing you do works,1
Nobody thinks you are a disappointment and people regret trusting you,1
Nobody thinks you are good for nothing,1
People say you are a joke,1
Everyone knows you are a joke and you embarrass yourself,1
Everyone knows you are incompetent and nobody respects you,1
You are incompetent and you ruin everything,1
People say you are a disappointment and you always fail,1
People say you are pathetic and people regret trusting you,1
Nobody thinks you are good for nothing and nothing you do works,1
It is obvious you are incompetent and nothing you do works,1
People say you are good for nothing,1
It is obvious you are a burden and you always fail,1
Everyone knows you are a burden and nobody respects you,1
Nobody thinks you are incompetent and everyone avoids you,1
People say you are a disappointment and people regret trusting you,1
Everyone knows you are good for nothing and you ruin everything,1
Everyone knows you are a disappointment and nothing you do works,1
You are a complete failure,1
Nobody thinks you are worthless,1
People say you are a joke,1
You are pathetic and people regret trusting you,1
You are good for nothing and people regret trusting you,1
You are a disappointment and you always fail,1
It is obvious you are useless,1
Nobody thinks you are worthless,1
People say you are a joke,1
It is obvious you are good for nothing and people regret trusting you,1
People say you are a joke and you embarrass yourself,1
You are useless and you embarrass yourself,1
Everyone knows you are good for nothing and everyone avoids you,1
You are pathetic and you embarrass yourself,1
People say you are a complete failure and you embarrass yourself,1
Everyone knows you are worthless and you always fail,1
It is obvious you are useless and everyone avoids you,1
You are a burden and you always fail,1
It is obvious you are a waste of space and you embarrass yourself,1
Nobody thinks you are useless and you ruin everything,1
Everyone knows you are useless and everyone avoids you,1
People say you are a disappointment,1
Everyone knows you are good for nothing and people regret trusting you,1
You are good for nothing and you always fail,1
Everyone knows you are pathetic and nothing you do works,1
Everyone knows you are a burden and people regret trusting you,1
People say you are incompetent and people regret trusting you,1
People say you are a joke and nobody respects you,1
People say you are incompetent and everyone avoids you,1
Nobody thinks you are good for nothing and nothing you do works,1
Everyone knows you are a disappointment and people regret trusting you,1
People say you are a disappointment and you embarrass yourself,1
It is obvious you are a disappointment,1
You are pathetic and nobody respects you,1
Everyone knows you are a burden and you always fail,1
It is obvious you are a complete failure and everyone avoids you,1
People say you are good for nothing,1
Nobody thinks you are useless and you always fail,1
It is obvious you are a burden and you always fail,1
People say you are incompetent and everyone avoids you,1
Nobody thinks you are pathetic,1
It is obvious you are a waste of space and you always fail,1
It is obvious you are a burden and nobody respects you,1
Everyone knows you are worthless and you always fail,1
Nobody thinks you are a disappointment and you embarrass yourself,1
You are useless and you always fail,1
You are a waste of space and everyone avoids you,1
It is obvious you are worthless and you embarrass yourself,1
People say you are incompetent and nothing you do works,1
It is obvious you are good for nothing and nothing you do works,1
You are a burden and everyone avoids you,1
Nobody thinks you are a waste of space and you embarrass yourself,1
It is obvious you are incompetent and everyone avoids you,1
It is obvious you are incompetent and nobody respects you,1
Nobody thinks you are worthless and you always fail,1
Nobody thinks you are incompetent and you embarrass yourself,1
Nobody thinks you are a waste of space,1
People say you are useless and nothing you do works,1
Everyone knows you are incompetent and everyone avoids you,1
People say you are worthless and nothing you do works,1
It is obvious you are incompetent and you embarrass yourself,1
Everyone knows you are a burden and everyone avoids you,1
You are a complete failure and everyone avoids you,1
Everyone knows you are a burden and you embarrass yourself,1
People say you are a burden and nobody respects you,1
Nobody thinks you are worthless and everyone avoids you,1
You are a disappointment,1
You are a disappointment and people regret trusting you,1
People say you are pathetic and you ruin everything,1
You are pathetic and you embarrass yourself,1
It is obvious you are worthless and nobody respects you,1
People say you are worthless and you embarrass yourself,1
People say you are incompetent and you always fail,1
You are incompetent and nothing you do works,1
Everyone knows you are a waste of space,1
Everyone knows you are incompetent and you ruin everything,1
Everyone knows you are a disappointment,1
People say you are a burden and nothing you do works,1
People say you are a disappointment and nothing you do works,1
It is obvious you are a disappointment,1
Everyone knows you are a burden and nobody respects you,1
Everyone knows you are a complete failure and nobody respects you,1
You are useless and you embarrass yourself,1
It is obvious you are good for nothing and you ruin everything,1
People say you are a waste of space,1
You are a waste of space and everyone avoids you,1
Everyone knows you are worthless and you always fail,1
Everyone knows you are a disappointment,1
It is obvious you are a burden,1
You are a waste of space and you always fail,1
Nobody thinks you are good for nothing and nobody respects you,1
Nobody thinks you are a complete failure,1
People say you are a burden and you ruin everything,1
Everyone knows you are useless and you always fail,1
It is obvious you are a burden and you ruin everything,1
You are a joke and people regret trusting you,1
It is obvious you are useless and you embarrass yourself,1
Everyone knows you are useless and you always fail,1
You are useless and people regret trusting you,1
Nobody thinks you are a joke and nothing you do works,1
You are a waste of space and people regret trusting you,1
It is obvious you are a complete failure and people regret trusting you,1
Everyone knows you are a waste of space and people regret trusting you,1
You are worthless and you embarrass yourself,1
Nobody thinks you are useless and nothing you do works,1
You are good for nothing and nobody respects you,1
Everyone knows you are useless and everyone avoids you,1
Nobody thinks you are a waste of space,1
Everyone knows you are a burden and you always fail,1
Everyone knows you are a waste of space and you ruin everything,1
You are a burden and people regret trusting you,1
It is obvious you are good for nothing,1
It is obvious you are good for nothing and you ruin everything,1
It is obvious you are incompetent and everyone avoids you,1
Everyone knows you are a waste of space and nobody respects you,1
Nobody thinks you are incompetent and you ruin everything,1
People say you are worthless,1
Nobody thinks you are pathetic and you embarrass yourself,1
Nobody thinks you are a burden and nobody respects you,1
It is obvious you are a disappointment and nobody respects you,1
Everyone knows you are pathetic and nobody respects you,1
Nobody thinks you are good for nothing and everyone avoids you,1
Nobody thinks you are pathetic and everyone avoids you,1
You are a burden and nothing you do works,1
People say you are a burden and you embarrass yourself,1
Everyone knows you are worthless and nothing you do works,1
You are pathetic,1
Nobody thinks you are pathetic and nobody respects you,1
Nobody thinks you are a joke and you embarrass yourself,1
People say you are a disappointment,1
It is obvious you are pathetic and nothing you do works,1
People say you are a joke and nobody respects you,1
You are incompetent and nobody respects you,1
You are a burden and you always fail,1
Nobody thinks you are useless and people regret trusting you,1
Nobody thinks you are good for nothing and you ruin everything,1
Nobody thinks you are incompetent and people regret trusting you,1
It is obvious you are a joke and you embarrass yourself,1
It is obvious you are useless and everyone avoids you,1
It is obvious you are incompetent and you ruin everything,1
People say you are incompetent and you embarrass yourself,1
It is obvious you are a joke and nobody respects you,1
People say you are a disappointment and everyone avoids you,1
Nobody thinks you are a burden and you ruin everything,1
Everyone knows you are worthless and you always fail,1
People say you are useless and you embarrass yourself,1
People say you are a waste of space,1
You are pathetic and everyone avoids you,1
You are good for nothing and people regret trusting you,1
You are a complete failure and you always fail,1
Everyone knows you are worthless and you embarrass yourself,1
Nobody thinks you are worthless and nobody respects you,1
You are a joke and everyone avoids you,1
People say you are worthless and people regret trusting you,1
You are useless and you embarrass yourself,1
You are a complete failure and you ruin everything,1
You are a joke and nobody respects you,1
It is obvious you are good for nothing and everyone avoids you,1
Everyone knows you are a complete failure and nobody respects you,1
People say you are good for nothing and you ruin everything,1
You are a disappointment and everyone avoids you,1
Everyone knows you are good for nothing and people regret trusting you,1
People say you are pathetic and everyone avoids you,1
It is obvious you are a disappointment and nothing you do works,1
You are a complete failure and you always fail,1
It is obvious you are worthless and you ruin everything,1
People say you are a joke and everyone avoids you,1
It is obvious you are a burden,1
It is obvious you are worthless and you embarrass yourself,1
Everyone knows you are a joke and you always fail,1
Everyone knows you are worthless and you always fail,1
Nobody thinks you are incompetent and nobody respects you,1
Nobody thinks you are a complete failure and people regret trusting you,1
You are good for nothing and you ruin everything,1
You are a complete failure and nothing you do works,1
It is obvious you are a complete failure and people regret trusting you,1
It is obvious you are incompetent and people regret trusting you,1
People say you are a complete failure and you embarrass yourself,1
People say you are a waste of space and you always fail,1
Everyone knows you are a burden and you ruin everything,1
People say you are a complete failure and everyone avoids you,1
People say you are a complete failure and you ruin everything,1
Everyone knows you are a burden and you embarrass yourself,1
Nobody thinks you are a complete failure and nobody respects you,1
People say you are a waste of space,1
Nobody thinks you are a joke and people regret trusting you,1
It is obvious you are good for nothing and nobody respects you,1
Everyone knows you are good for nothing,1
It is obvious you are good for nothing and you ruin everything,1
Everyone knows you are a waste of space and everyone avoids you,1
Everyone knows you are a waste of space,1
It is obvious you are a burden and you always fail,1
Nobody thinks you are good for nothing and nobody respects you,1
People say you are a joke,1
It is obvious you are a complete failure and you ruin everything,1
It is obvious you are worthless and you always fail,1
You are incompetent and people regret trusting you,1
Nobody thinks you are a complete failure and you always fail,1
Everyone knows you are incompetent and you always fail,1
It is obvious you are a burden,1
Nobody thinks you are pathetic and people regret trusting you,1
People say you are worthless and nothing you do works,1
People say you are pathetic,1
You are a disappointment,1
Nobody thinks you are a complete failure and you embarrass yourself,1
People say you are a burden and nobody respects you,1
Everyone knows you are a complete failure,1
Nobody thinks you are incompetent,1
Nobody thinks you are a disappointment and you ruin everything,1
Nobody thinks you are a burden and people regret trusting you,1
It is obvious you are a waste of space and people regret trusting you,1
You are good for nothing and people regret trusting you,1
Nobody thinks you are a complete failure and nothing you do works,1
It is obvious you are a burden and nobody respects you,1
Everyone knows you are a joke and nothing you do works,1
You are a disappointment and people regret trusting you,1
Nobody thinks you are good for nothing and you ruin everything,1
You are a burden and you always fail,1
You are a burden and people regret trusting you,1
Nobody thinks you are a disappointment and you embarrass yourself,1
Nobody thinks you are good for nothing and nothing you do works,1
Nobody thinks you are a disappointment and people regret trusting you,1
People say you are pathetic and you ruin everything,1
Nobody thinks you are worthless and you ruin everything,1
You are a waste of space,1
It is obvious you are good for nothing and you always fail,1
Nobody thinks you are a waste of space and nothing you do works,1
Everyone knows you are a joke and you ruin everything,1
People say you are a disappointment and nothing you do works,1
Nobody thinks you are worthless and you ruin everything,1
You are pathetic and nothing you do works,1
Nobody thinks you are good for nothing and you embarrass yourself,1
Everyone knows you are a waste of space,1
People say you are good for nothing and nothing you do works,1
You are a disappointment,1
Everyone knows you are a complete failure and nobody respects you,1
Everyone knows you are a complete failure and people regret trusting you,1
People say you are a disappointment and people regret trusting you,1
People say you are a burden and nobody respects you,1
Everyone knows you are a complete failure and you ruin everything,1
Everyone knows you are pathetic and people regret trusting you,1
Everyone knows you are a disappointment and you always fail,1
You are incompetent and people regret trusting you,1
Everyone knows you are worthless and nobody respects you,1
It is obvious you are pathetic and nobody respects you,1
It is obvious you are a disappointment,1
Nobody thinks you are worthless and nobody respects you,1
It is obvious you are useless and nobody respects you,1
You are a burden and everyone avoids you,1
Everyone knows you are a burden,1
People say you are worthless and you always fail,1
It is obvious you are useless and nothing you do works,1
You are good for nothing,1
Everyone knows you are a waste of space and everyone avoids you,1
People say you are good for nothing and you always fail,1
People say you are a burden and nothing you do works,1
People say you are pathetic,1
Nobody thinks you are pathetic and you embarrass yourself,1
It is obvious you are a complete failure and everyone avoids you,1
You are useless and you ruin everything,1
People say you are incompetent and you ruin everything,1
It is obvious you are a burden,1
Nobody thinks you are pathetic,1
Nobody thinks you are a joke and everyone avoids you,1
People say you are a complete failure and you always fail,1
People say you are good for nothing and nobody respects you,1
People say you are useless and everyone avoids you,1
People say you are useless,1
You are a joke and you embarrass yourself,1
People say you are a complete failure and everyone avoids you,1
You are useless and people regret trusting you,1
Nobody thinks you are incompetent and you ruin everything,1
People say you are worthless,1
Everyone knows you are useless and you always fail,1
It is obvious you are incompetent and you always fail,1
People say you are pathetic and you always fail,1
It is obvious you are worthless,1
People say you are a disappointment and you embarrass yourself,1
It is obvious you are worthless and you embarrass yourself,1
It is obvious you are good for nothing and nothing you do works,1
You are a burden and everyone avoids you,1
Nobody thinks you are incompetent and everyone avoids you,1
It is obvious you are a joke,1
People say you are incompetent and you ruin everything,1
Everyone knows you are a disappointment,1
You are good for nothing and people regret trusting you,1
Nobody thinks you are a disappointment and everyone avoids you,1
Nobody thinks you are worthless and everyone avoids you,1
Nobody thinks you are a complete failure and nobody respects you,1
It is obvious you are a waste of space and everyone avoids you,1
You are pathetic and you always fail,1
Everyone knows you are useless and nothing you do works,1
People say you are good for nothing and nothing you do works,1
It is obvious you are a waste of space and nothing you do works,1
You are a burden and you embarrass yourself,1
You are a disappointment and nothing you do works,1
You are incompetent and everyone avoids you,1
Nobody thinks you are a burden and everyone avoids you,1
Everyone knows you are incompetent and nothing you do works,1
People say you are worthless and you always fail,1
People say you are pathetic and everyone avoids you,1
Nobody thinks you are pathetic and you always fail,1
Nobody thinks you are pathetic and you always fail,1
Nobody thinks you are a disappointment,1
People say you are incompetent and you always fail,1
People say you are worthless,1
You are worthless and everyone avoids you,1
People say you are useless and nobody respects you,1
Everyone knows you are incompetent and you ruin everything,1
People say you are good for nothing,1
People say you are a complete failure and nobody respects you,1
You are good for nothing and you always fail,1
Everyone knows you are a complete failure and everyone avoids you,1
People say you are worthless and nothing you do works,1
Everyone knows you are a burden and nothing you do works,1
It is obvious you are worthless and everyone avoids you,1
You are good for nothing and you ruin everything,1
People say you are a complete failure and you embarrass yourself,1
People say you are good for nothing,1
Everyone knows you are a burden and you ruin everything,1
You are good for nothing and people regret trusting you,1
It is obvious you are useless and you ruin everything,1
You are a waste of space and everyone avoids you,1
It is obvious you are a waste of space and everyone avoids you,1
You are pathetic and you embarrass yourself,1
You are a complete failure and nothing you do works,1
You are worthless and you ruin everything,1
People say you are worthless and people regret trusting you,1
People say you are good for nothing and everyone avoids you,1
It is obvious you are worthless and you embarrass yourself,1
Nobody thinks you are a waste of space and everyone avoids you,1
It is obvious you are useless,1
It is obvious you are good for nothing and you embarrass yourself,1
People say you are a complete failure and nothing you do works,1
Nobody thinks you are worthless and you ruin everything,1
Nobody thinks you are incompetent and people regret trusting you,1
You are incompetent and everyone avoids you,1
Nobody thinks you are incompetent and nothing you do works,1
You are useless and you embarrass yourself,1
People say you are a joke,1
Nobody thinks you are a waste of space and nothing you do works,1
It is obvious you are useless and you always fail,1
It is obvious you are a burden and people regret trusting you,1
Everyone knows you are a burden and you always fail,1
You are good for nothing and you ruin everything,1
People say you are useless and you embarrass yourself,1
Everyone knows you are incompetent and people regret trusting you,1
Everyone knows you are worthless and everyone avoids you,1
Nobody thinks you are worthless and you embarrass yourself,1
You are a disappointment and you always fail,1
Nobody thinks you are a burden and everyone avoids you,1
You are useless,1
Nobody thinks you are a waste of space,1
Everyone knows you are useless and you ruin everything,1
You are a disappointment and you ruin everything,1
It is obvious you are a waste of space and nobody respects you,1
You are a burden and you always fail,1
People say you are good for nothing and you ruin everything,1
You are a complete failure and nobody respects you,1
Everyone knows you are worthless and you always fail,1
People say you are a burden and nobody respects you,1
You are a complete failure and everyone avoids you,1
You are good for nothing and nothing you do works,1
It is obvious you are worthless,1
Nobody thinks you are a complete failure and people regret trusting you,1
Nobody thinks you are incompetent and you embarrass yourself,1
Nobody thinks you are good for nothing,1
It is obvious you are good for nothing and you embarrass yourself,1
You are useless and you ruin everything,1
Everyone knows you are a burden and everyone avoids you,1
Everyone knows you are a burden and you always fail,1
People say you are pathetic,1
Nobody thinks you are pathetic and you ruin everything,1
Everyone knows you are good for nothing and nothing you do works,1
It is obvious you are a disappointment and nothing you do works,1
Everyone knows you are a joke and everyone avoids you,1
Everyone knows you are a disappointment and nobody respects you,1
You are a complete failure and you embarrass yourself,1
You are incompetent and nobody respects you,1
People say you are useless,1
You are pathetic and people regret trusting you,1
Everyone knows you are a waste of space and nothing you do works,1
Nobody thinks you are a disappointment and you always fail,1
It is obvious you are a burden,1
Nobody thinks you are useless and you ruin everything,1
People say you are a disappointment and you always fail,1
Nobody thinks you are a disappointment and nobody respects you,1
You are worthless and people regret trusting you,1
Nobody thinks you are a burden,1
It is obvious you are worthless and people regret trusting you,1
It is obvious you are worthless and you embarrass yourself,1
It is obvious you are useless and everyone avoids you,1
Everyone knows you are good for nothing and everyone avoids you,1
It is obvious you are a disappointment and you embarrass yourself,1
It is obvious you are incompetent and you ruin everything,1
Nobody thinks you are a burden and you ruin everything,1
Everyone knows you are a burden and you embarrass yourself,1
People say you are pathetic and nothing you do works,1
Everyone knows you are a waste of space and nothing you do works,1
It is obvious you are a waste of space and nobody respects you,1
Everyone knows you are a burden,1
It is obvious you are incompetent and everyone avoids you,1
Nobody thinks you are a disappointment and nobody respects you,1
Everyone knows you are useless and nothing you do works,1
You are a waste of space and you always fail,1
Everyone knows you are a burden,1
Everyone knows you are a burden and you embarrass yourself,1
People say you are useless,1
Everyone knows you are useless and people regret trusting you,1
You are a complete failure and people regret trusting you,1
You are good for nothing and nobody respects you,1
Nobody thinks you are incompetent and nothing you do works,1
Everyone knows you are a burden,1
People say you are a burden and you ruin everything,1
You are worthless,1
Nobody thinks you are worthless and nobody respects you,1
Nobody thinks you are a disappointment and you ruin everything,1
Nobody thinks you are a burden and people regret trusting you,1
It is obvious you are a disappointment and nobody respects you,1
Everyone knows you are a joke and everyone avoids you,1
You are a joke,1
You are a burden and people regret trusting you,1
You are a joke and people regret trusting you,1
People say you are incompetent and you ruin everything,1
You are good for nothing and people regret trusting you,1
People say you are incompetent and nothing you do works,1
Nobody thinks you are a waste of space,1
Nobody thinks you are worthless and everyone avoids you,1
You are a waste of space,1
Everyone knows you are good for nothing and everyone avoids you,1
Nobody thinks you are a complete failure and you ruin everything,1
People say you are a joke,1
People say you are a complete failure and everyone avoids you,1
Nobody thinks you are worthless and everyone avoids you,1
You are pathetic and people regret trusting you,1
Everyone knows you are a disappointment and you ruin everything,1
People say you are a complete failure and people regret trusting you,1
It is obvious you are useless and you embarrass yourself,1
You are incompetent and you embarrass yourself,1
It is obvious you are worthless and everyone avoids you,1
It is obvious you are a complete failure and nobody respects you,1
It is obvious you are a complete failure and you ruin everything,1
Everyone knows you are a burden and you embarrass yourself,1
You are useless and you embarrass yourself,1
You are a disappointment and people regret trusting you,1
You are worthless and nothing you do works,1
People say you are a burden,1
You are a burden and you always fail,1
You are incompetent and nobody respects you,1
People say you are good for nothing,1
People say you are incompetent and you always fail,1
Nobody thinks you are a disappointment and nobody respects you,1
It is obvious you are a waste of space and nobody respects you,1
It is obvious you are a burden and nothing you do works,1
You are incompetent and people regret trusting you,1
People say you are a waste of space,1
You are a complete failure and everyone avoids you,1
Everyone knows you are useless,1
Nobody thinks you are incompetent and you embarrass yourself,1
You are a waste of space and you always fail,1
Everyone knows you are incompetent,1
Nobody thinks you are a complete failure and you embarrass yourself,1
It is obvious you are a burden and you embarrass yourself,1
You are useless and you always fail,1
Nobody thinks you are a complete failure and you ruin everything,1
People say you are a disappointment and nothing you do works,1
Nobody thinks you are incompetent and nothing you do works,1
People say you are a joke and people regret trusting you,1
People say you are a burden and nothing you do works,1
You are a joke and you ruin everything,1
Nobody thinks you are a waste of space and everyone avoids you,1
People say you are a disappointment and you embarrass yourself,1
Everyone knows you are a waste of space and you ruin everything,1
It is obvious you are pathetic and everyone avoids you,1
You are worthless and everyone avoids you,1
Everyone knows you are a disappointment and nothing you do works,1
People say you are a disappointment,1
You are worthless,1
Everyone knows you are worthless and you ruin everything,1
People say you are a joke and you ruin everything,1
It is obvious you are incompetent and you embarrass yourself,1
Nobody thinks you are a complete failure and everyone avoids you,1
People say you are worthless and you embarrass yourself,1
Nobody thinks you are incompetent and you ruin everything,1
People say you are a burden,1
Nobody thinks you are incompetent and nobody respects you,1
You are incompetent and you embarrass yourself,1
Everyone knows you are a waste of space and you always fail,1
People say you are good for nothing and you embarrass yourself,1
Everyone knows you are pathetic and everyone avoids you,1
You are a burden and people regret trusting you,1
It is obvious you are a burden and everyone avoids you,1
Everyone knows you are useless and you ruin everything,1
You are a waste of space and you always fail,1
Nobody thinks you are a burden,1
Nobody thinks you are a joke and you ruin everything,1
You are a burden and you always fail,1
It is obvious you are a disappointment and nothing you do works,1
It is obvious you are a complete failure and nobody respects you,1
It is obvious you are useless and everyone avoids you,1
It is obvious you are a disappointment and people regret trusting you,1
Everyone knows you are a burden and you ruin everything,1
You are useless and nobody respects you,1
You are a disappointment and you always fail,1
You are good for nothing and you always fail,1
You are a complete failure and nothing you do works,1
People say you are a disappointment and you always fail,1
People say you are a disappointment and you always fail,1
Nobody thinks you are a joke and nothing you do works,1
Nobody thinks you are a complete failure and nobody respects you,1
Everyone knows you are a waste of space and you ruin everything,1
You are a waste of space,1
Nobody thinks you are a burden and you embarrass yourself,1
Everyone knows you are a burden and you ruin everything,1
It is obvious you are incompetent and nobody respects you,1
You are worthless and you embarrass yourself,1
It is obvious you are a disappointment and you embarrass yourself,1
Everyone knows you are a burden and nothing you do works,1
It is obvious you are a joke and people regret trusting you,1
Nobody thinks you are a waste of space and everyone avoids you,1
Nobody thinks you are useless,1
Nobody thinks you are a joke and nothing you do works,1
People say you are a joke,1
You are a burden and everyone avoids you,1
It is obvious you are incompetent and you embarrass yourself,1
You are pathetic and you always fail,1
It is obvious you are pathetic and you ruin everything,1
People say you are useless and nobody respects you,1
